Workbook

Sheet 별첨1
A1: 별첨1. DT사업1팀 스케줄근무자 시간외근로수당 내역 (2026년 4월)
A2: No. | B2: 사번 | C2: 성명 | D2: 직급 | E2: 단위 조직 | F2: 구분 | G2: 근무 날짜 | H2: 근무 시간 | I2: 근로수당 현황 | R2: 통상시급 | S2: 지급 비용
I3: 기본 근로수당 | L3: 연장 근로수당 | O3: 야간 근로수당
I4: 시간 | J4: 요율 | K4: 수당 | L4: 시간 | M4: 요율 | N4: 수당 | O4: 시간 | P4: 요율 | Q4: 수당
A5: 1 | B5: 2024023 | C5: 박건우 | D5: - | E5: SKB동작국사 | F5: 연장근무 | G5: 2026.04.02 | H5: 1 | L5: 1 | M5: 1.5 | N5: 16760 | R5: 11173.59 | S5: 16760
A6: 2 | B6: 2024023 | C6: 박건우 | D6: - | E6: SKB동작국사 | F6: 연장근무 | G6: 2026.04.02 | H6: 1 | L6: 1 | M6: 1.5 | N6: 16760 | R6: 11173.59 | S6: 16760
A7: 3 | B7: 2014102 | C7: 박성호 | D7: - | E7: SKB동작국사 | F7: 연장근무 | G7: 2026.04.03 | H7: 1 | L7: 1 | M7: 1.5 | N7: 19348 | R7: 12898.79 | S7: 19348
A8: 4 | B8: 2014102 | C8: 박성호 | D8: - | E8: SKB동작국사 | F8: 연장근무 | G8: 2026.04.03 | H8: 1 | L8: 1 | M8: 1.5 | N8: 19348 | R8: 12898.79 | S8: 19348
A9: 5 | B9: 2020091 | C9: 고현재 | D9: - | E9: SKB동작국사 | F9: 연장근무 | G9: 2026.04.10 | H9: 1 | L9: 1 | M9: 1.5 | N9: 17186 | R9: 11457.12 | S9: 17186
A10: 6 | B10: 2020091 | C10: 고현재 | D10: - | E10: SKB동작국사 | F10: 연장근무 | G10: 2026.04.10 | H10: 1 | L10: 1 | M10: 1.5 | N10: 17186 | R10: 11457.12 | S10: 17186
A11: 7 | B11: 2026011 | C11: 주향모 | D11: - | E11: SKB동작국사 | F11: 연장근무 | G11: 2026.04.24 | H11: 1 | L11: 1 | M11: 1.5 | N11: 18024 | R11: 12015.67 | S11: 18024
A12: 8 | B12: 2026011 | C12: 주향모 | D12: - | E12: SKB동작국사 | F12: 연장근무 | G12: 2026.04.24 | H12: 1 | L12: 1 | M12: 1.5 | N12: 18024 | R12: 12015.67 | S12: 18024
A13: 9 | B13: 2020091 | C13: 고현재 | D13: - | E13: SKB동작국사 | F13: 연장근무 | G13: 2026.04.30 | H13: 1 | L13: 1 | M13: 1.5 | N13: 17186 | R13: 11457.12 | S13: 17186
A14: 10 | B14: 2020091 | C14: 고현재 | D14: - | E14: SKB동작국사 | F14: 연장근무 | G14: 2026.04.30 | H14: 1 | L14: 1 | M14: 1.5 | N14: 17186 | R14: 11457.12 | S14: 17186
A15: - | B15: - | C15: 소 계 | D15: - | E15: - | F15: - | G15: - | H15: 10 | I15: 10 | J15: - | K15: 177008 | L15: 10 | M15: - | N15: 177008 | O15: - | P15: - | Q15: - | R15: - | S15: 177008
A16: - | B16: - | C16: 합 계 | D16: - | E16: - | F16: 합계 | G16: - | H16: 10 | I16: 10 | J16: - | K16: 177008 | L16: 10 | M16: - | N16: 177008 | O16: - | P16: - | Q16: - | R16: - | S16: 177008
A18: ※ 5월 퇴사자 조기 지급 내역
A19: No. | B19: 사번 | C19: 성명 | D19: 직급 | E19: 단위 조직 | F19: 구분 | G19: 근무 날짜 | H19: 근무 시간 | I19: 근로수당 현황 | R19: 통상시급 | S19: 지급 비용
I20: 기본 근로수당 | L20: 연장 근로수당 | O20: 야간 근로수당
I21: 시간 | J21: 요율 | K21: 수당 | L21: 시간 | M21: 요율 | N21: 수당 | O21: 시간 | P21: 요율 | Q21: 수당
A22: 1 | B22: 2023042 | C22: 우현욱 | D22: - | E22: 이천HN_OP | F22: 휴일근로 | G22: 2026.05.01 | H22: 13 | I22: 13 | J22: 1.5 | K22: =I22*J22*R22 -> 214574.1 | R22: 11003.8 | S22: 214,574원
A24: * Sort :
A25: 1. Primary Key : 구분 오름차순 ( 연장/대체근로, 휴일근로)
A26: 2. Secondary Key : 직급순 ( 사용자 정의 : 부장,차장,과장,대리,사원 )
A27: 3. Third Key : 사번 오름차순
A28: 4. Fourth Key: 근무날짜 오름차순
A30: * 휴일근로수당 계산식
A31: 휴일근로수당 = (공)휴일근로시간 x 1.5 x 통상시급
A32: - 기존 스케줄근무표상에 휴일근로시 근로시간 * 1.5 로 책정하여 지급함 ( 연장과 야간근무수당은 이미 월급여에 반영됨 )
A34: * 연장근로수당(평일) 계산식
A35: 연장근로수당 = ( 연장근로시간 x 1.5 + 야간근로시간 x 2.0 ) x 통상시급
A36: 설명 : 연장근로수당 = (총연장근로시간 x 1.5 + 야간근로가산시간(야간근로시간 x 0.5)) x 통상시급
A37: - 단, 휴일 스케줄근무후 연장 근로를 하는 경우 휴일근로가산 0.5 가 추가되어야 함.
... A45: 설명 : 대체근로수당 = ((총근로시간 - 총연장근로시간) x 1.5 + 총연장근로시간 x 2.0 + 야간근로가산시간(야간근로시간 x 0.5)) x 통상시급

Sheet 검증_1
A1: 별첨1. DT사업1팀 교대근무자 시간외근로수당 내역 (2026년 4월)
A2: No. | B2: 사번 | C2: 성명 | D2: 직급 | E2: 단위 조직 | F2: 구분 | G2: 근무 날짜 | H2: 근무 시간 | I2: 기본시간 | J2: 기본요율 | K2: 기본수당 | L2: 연장시간 | M2: 연장요율 | N2: 연장수당 | O2: 야간시간 | P2: 야간요율 | Q2: 야간수당 | R2: 통상시급 | S2: 지급 비용 | U2: 인력현황 | V2: 시급 | W2: 지급비용
A3: 1 | B3: 2024023 | C3: 박건우 | D3: - | E3: SKB동작국사 | F3: 연장근무 | G3: 2026.04.02 | L3: 1 | M3: 1.5 | N3: =ROUND(L3*M3*R3,0) -> 16760 | R3: 11173.59 | S3: =ROUNDUP(K3+N3+Q3,0) -> 16760 | U3: =VLOOKUP(C3,[1]인력현황_202604!$F$2:$CD$213,56,FALSE) -> 11173.59 | V3: =R3=U3 -> TRUE | W3: =별첨1!S5=검증_1!S3 -> TRUE | AA3: 값
A4: 2 | B4: 2024023 | C4: 박건우 | D4: - | E4: SKB동작국사 | F4: 연장근무 | G4: 2026.04.02 | L4: 1 | M4: 1.5 | N4: =ROUND(L4*M4*R4,0) -> 16760 | R4: 11173.59 | S4: =ROUNDUP(K4+N4+Q4,0) -> 16760 | U4: =VLOOKUP(C4,[1]인력현황_202604!$F$2:$CD$213,56,FALSE) -> 11173.59 | V4: =R4=U4 -> TRUE | W4: =별첨1!S6=검증_1!S4 -> TRUE | Y4: 성명 | Z4: 단위 조직 | AA4: 합계 : 연장시간 | AB4: 합계 : 지급 비용
A5: 3 | B5: 2014102 | C5: 박성호 | D5: - | E5: SKB동작국사 | F5: 연장근무 | G5: 2026.04.03 | L5: 1 | M5: 1.5 | N5: =ROUND(L5*M5*R5,0) -> 19348 | R5: 12898.79 | S5: =ROUNDUP(K5+N5+Q5,0) -> 19348 | U5: =VLOOKUP(C5,[1]인력현황_202604!$F$2:$CD$213,56,FALSE) -> 12898.79 | V5: =R5=U5 -> TRUE | W5: =별첨1!S7=검증_1!S5 -> TRUE | Y5: 고현재 | Z5: SKB동작국사 | AA5: 4 | AB5: 68744
A6: 4 | B6: 2014102 | C6: 박성호 | D6: - | E6: SKB동작국사 | F6: 연장근무 | G6: 2026.04.03 | L6: 1 | M6: 1.5 | N6: =ROUND(L6*M6*R6,0) -> 19348 | R6: 12898.79 | S6: =ROUNDUP(K6+N6+Q6,0) -> 19348 | U6: =VLOOKUP(C6,[1]인력현황_202604!$F$2:$CD$213,56,FALSE) -> 12898.79 | V6: =R6=U6 -> TRUE | W6: =별첨1!S8=검증_1!S6 -> TRUE | Y6: 박건우 | Z6: SKB동작국사 | AA6: 2 | AB6: 33520
A7: 5 | B7: 2020091 | C7: 고현재 | D7: - | E7: SKB동작국사 | F7: 연장근무 | G7: 2026.04.10 | L7: 1 | M7: 1.5 | N7: =ROUND(L7*M7*R7,0) -> 17186 | R7: 11457.12 | S7: =ROUNDUP(K7+N7+Q7,0) -> 17186 | U7: =VLOOKUP(C7,[1]인력현황_202604!$F$2:$CD$213,56,FALSE) -> 11457.12 | V7: =R7=U7 -> TRUE | W7: =별첨1!S9=검증_1!S7 -> TRUE | Y7: 박성호 | Z7: SKB동작국사 | AA7: 2 | AB7: 38696
A8: 6 | B8: 2020091 | C8: 고현재 | D8: - | E8: SKB동작국사 | F8: 연장근무 | G8: 2026.04.10 | L8: 1 | M8: 1.5 | N8: =ROUND(L8*M8*R8,0) -> 17186 | R8: 11457.12 | S8: =ROUNDUP(K8+N8+Q8,0) -> 17186 | U8: =VLOOKUP(C8,[1]인력현황_202604!$F$2:$CD$213,56,FALSE) -> 11457.12 | V8: =R8=U8 -> TRUE | W8: =별첨1!S10=검증_1!S8 -> TRUE | Y8: 주향모 | Z8: SKB동작국사 | AA8: 2 | AB8: 36048
A9: 7 | B9: 2026011 | C9: 주향모 | D9: - | E9: SKB동작국사 | F9: 연장근무 | G9: 2026.04.24 | L9: 1 | M9: 1.5 | N9: =ROUND(L9*M9*R9,0) -> 18024 | R9: 12015.67 | S9: =ROUNDUP(K9+N9+Q9,0) -> 18024 | U9: =VLOOKUP(C9,[1]인력현황_202604!$F$2:$CD$213,56,FALSE) -> 12015.67 | V9: =R9=U9 -> TRUE | W9: =별첨1!S11=검증_1!S9 -> TRUE | Y9: 총합계 | AA9: 10 | AB9: 177008
A10: 8 | B10: 2026011 | C10: 주향모 | D10: - | E10: SKB동작국사 | F10: 연장근무 | G10: 2026.04.24 | L10: 1 | M10: 1.5 | N10: =ROUND(L10*M10*R10,0) -> 18024 | R10: 12015.67 | S10: =ROUNDUP(K10+N10+Q10,0) -> 18024 | U10: =VLOOKUP(C10,[1]인력현황_202604!$F$2:$CD$213,56,FALSE) -> 12015.67 | V10: =R10=U10 -> TRUE | W10: =별첨1!S12=검증_1!S10 -> TRUE
A11: 9 | B11: 2020091 | C11: 고현재 | D11: - | E11: SKB동작국사 | F11: 연장근무 | G11: 2026.04.30 | L11: 1 | M11: 1.5 | N11: =ROUND(L11*M11*R11,0) -> 17186 | R11: 11457.12 | S11: =ROUNDUP(K11+N11+Q11,0) -> 17186 | U11: =VLOOKUP(C11,[1]인력현황_202604!$F$2:$CD$213,56,FALSE) -> 11457.12 | V11: =R11=U11 -> TRUE | W11: =별첨1!S13=검증_1!S11 -> TRUE
A12: 10 | B12: 2020091 | C12: 고현재 | D12: - | E12: SKB동작국사 | F12: 연장근무 | G12: 2026.04.30 | L12: 1 | M12: 1.5 | N12: =ROUND(L12*M12*R12,0) -> 17186 | R12: 11457.12 | S12: =ROUNDUP(K12+N12+Q12,0) -> 17186 | U12: =VLOOKUP(C12,[1]인력현황_202604!$F$2:$CD$213,56,FALSE) -> 11457.12 | V12: =R12=U12 -> TRUE | W12: =별첨1!S14=검증_1!S12 -> TRUE
A13: - | B13: - | C13: 소 계 | D13: - | E13: - | F13: - | G13: - | L13: 10 | M13: - | N13: 177008 | O13: - | P13: - | Q13: - | R13: - | S13: 177008
A14: - | B14: - | C14: 합 계 | D14: - | E14: - | F14: 합계 | G14: - | L14: 10 | M14: - | N14: 177008 | O14: - | P14: - | Q14: - | R14: - | S14: 177008
A16: ※ 5월 퇴사자 조기 지급 내역
A17: No. | B17: 사번 | C17: 성명 | D17: 직급 | E17: 단위 조직 | F17: 구분 | G17: 근무 날짜 | H17: 근무 시간 | I17: 근로수당 현황 | R17: 통상시급 | S17: 지급 비용
I18: 기본 근로수당 | L18: 연장 근로수당 | O18: 야간 근로수당
I19: 시간 | J19: 요율 | K19: 수당 | L19: 시간 | M19: 요율 | N19: 수당 | O19: 시간 | P19: 요율 | Q19: 수당
A20: 1 | B20: 2023042 | C20: 우현욱 | D20: - | E20: 이천HN_OP | F20: 휴일근로 | G20: 2026.05.01 | H20: 13 | I20: 13 | J20: 1.5 | K20: =I20*J20*R20 -> 214574.1 | R20: 11003.8 | S20: 214,574원
A24: 1. 법정공휴일
A25: 법정공휴일, 공휴일, 휴일근로로 분류된 근무에 적용됩니다.
A26: 적용 요율: 2026.2 (2026.7.1 ~ 미정)
A27: 적용 배수: 기본 x1.5 / 연장 x1.5 / 야간 x1.5
A28: 계산식 1: 기본수당 = 시급 x 기본시간 x1.5
A29: 계산식 2: 연장수당 = 시급 x 연장시간 x1.5
A30: 계산식 3: 야간수당 = 시급 x 야간시간 x1.5
A32: 2. 평_대체근로수당
A33: 평일에 발생한 대체근무에 적용됩니다.
A34: 적용 요율: 2026.2 (2026.7.1 ~ 미정)
A35: 적용 배수: 기본 x1.5 / 연장 x2 / 야간 x2.5
A36: 계산식 1: 기본수당 = 시급 x 기본시간 x1.5
... A62: 계산식 3: 야간수당 = 시급 x 야간시간 x0

Sheet 인력현황_202604
A1: =TODAY() -> 46161 | B1: 0.209 | C1: 2026년 최저시급 | D1: 10320 | F1: 1 | G1: 2 | H1: 3 | I1: 4 | J1: 5 | K1: 6 | L1: 7 | M1: 8 | N1: 9 | O1: 10 | P1: 11 | Q1: 12 | R1: 13 | S1: 14 | T1: 15 | U1: 16 | V1: 17 | W1: 18 | X1: 19 | Y1: 20 | Z1: 21 | AA1: 22 | AB1: 23 | AC1: 24 | AD1: 25 | AE1: 26 | AF1: 27 | AG1: 28 | AH1: 29 | AI1: 30 | AJ1: 31 | AK1: 32 | AL1: 33 | AM1: 34 | AN1: 35 | AO1: 36 | AP1: 37 | AQ1: 38 | AR1: 39 | AS1: 40 | AT1: 41 | AU1: 42 | AV1: 43 | AW1: 44 | AX1: 45 | AY1: 46 | AZ1: 47 | BA1: 48 | BB1: 49 | BC1: 50 | BD1: 51 | BE1: 52 | BF1: 53 | BG1: 54 | BH1: 55 | BI1: 56 | BJ1: 57 | BK1: 58 | BL1: 59 | BM1: 60 | BN1: 61 | BO1: 62 | BP1: 63 | BQ1: 64 | BR1: 65 | BS1: 66 | BT1: 67 | BU1: 68 | BV1: 69 | BW1: 70 | BX1: 71 | BY1: 72 | BZ1: 73 | CA1: 74 | CB1: 75 | CC1: 76 | CD1: 77 | CE1: 78 | CF1: 79 | CG1: 80 | CH1: 81 | CI1: 82
A2: No. | B2: 개인정보제공 동의서 수령 | C2: 사원번호 | D2: 고객사담당자 | E2: 현장대리인 | F2: 성명 | G2: 직급 | H2: 기술등급 | I2: 계약등급 | J2: 계약형태 | K2: 직무명 | L2: 비고 | M2: 사무실 | N2: 핸드폰 | O2: e메일 | P2: 생년월일 | Q2: 경력기준일 | R2: 입사일1 | S2: 입사일2 (플러스 전환) | T2: 출신교 | U2: 전공학과 | V2: 최종학력 | W2: 자격증 1 | X2: 자격증2 | Y2: 자격증 3 | Z2: 총경력 | AA2: 근속기간 | AB2: 퇴사일 or 프리계약 종료일 | AC2: 퇴사사유 | AD2: 근무지1 | AE2: 근무지2_최종 | AF2: 2025 _사업분류 | AG2: 2026 _사업분류 | AH2: 매출처 | AI2: On-Site | AJ2: 의욕관리대상 | AK2: 우편번호 | AL2: 근무지주소(신) | AM2: 집우편번호 | AN2: 집주소(신) | AO2: 고객사소속팀 | AP2: Part | AQ2: 담당업무1 | AR2: 담당업무2 | AS2: 계약명/Pjt명 | AT2: 근무유형 | AU2: 소속구분 | AV2: 소속사 | AW2: 월매출단가_직전 | AX2: 월매출단가_현재 | AY2: M/M | AZ2: 년매출액 | BA2: 월외주비 _직전 | BB2: 월외주비 _현재 | BC2: 마지막 연봉 적용일 | BD2: 전전연봉 | BE2: 직전 연봉 | BF2: 현재 연봉_2026 | BG2: 월급여총액 | BH2: 기본급/월_신기준 | BI2: 통상시급 | BJ2: 기본급 구성시간 | BK2: 월 평균 고정 연장 근로시간 | BL2: 월 평균 고정 야간 근로시간 | BM2: 고정연장근로 가산수당 | BN2: 고정야간근로 가산수당 | BO2: 식대/월 | BP2: 원가B:년평균 휴일근로수당 | BQ2: 최저임금비교 | BR2: 비고 (기타지급/월) | BS2: 평균연차수당 (통상:5일기준, 스케줄:100시간기준) | BT2: 퇴직충당 | BU2: 국민연금 | BV2: `26_건강보험 (요양보험포함) | BW2: `26_고용보험(150~1,000미만) | BX2: `26_산재 보험 | BY2: 월인건비_원가 | BZ2: 직접인건비 | CA2: 간접인건비 | CB2: 원가A:인건비계(원가) (정직원:연봉의 1.25배 적용) | CC2: 연간매출이익 (매출액-원가A-원가B*1.21) | CD2: 매출이익률(%) | CE2: 청내공 _만료일 | CF2: 학자금 상환 개시일 | CG2: 채용경로 | CH2: 채용담당 | CI2: 장애인/ 국가유공자
D3: 류혜리 M | E3: 최재유 | H3: 중급상 | I3: 중급기술자 | J3: 유지보수(FTE) | K3: 응용프로그래머 | L3: 2019_신규 | N3: 010-8585-5281 | O3: atmnet@naver.com | P3: 761007-1 | Q3: 37304 | R3: 43586 | T3: 안동대학교 | U3: 정보통신공학과 | Z3: =IF(Q3<>"",$A$1-Q3,"") -> 8857 | AA3: =$A$1-R3 -> 2575 | AB3: 46387 | AF3: 2. Network Service | AG3: 2. Network Service | AH3: SK AX | AI3: SK그룹사(공통) | AK3: 13486 | AL3: 경기도 성남시 분당구 판교로 255번길 46 SK C&C 판교캠퍼스 A동 4층 | AM3: 14772 | AN3: 경기도 부천시 소사동로72번길 32 소새울역중흥S클래스아파트 409동 304호 | AO3: Network Service팀 | AP3: SK_NOBS MA | AQ3: 프로그램 개발 | AR3: 고객 요청 대응 | AS3: 고객사 공통 / 2026년_회선서비스1(4500303393-01) | AU3: 프리랜서 | AV3: 개인(사업소득) | AW3: 1500000 | AX3: 1500000 | AY3: 12 | AZ3: =AX3*AY3 -> 18000000 | BA3: 1000000 | BB3: 1000000 | BC3: 43586 | BW3: =IF((BB3-BB3*$B$1)<800000,"해당없음",ROUNDDOWN(IF(BB3-BB3*$B$1<1330000,1330000*0.016/2,(BB3-BB3*$B$1)*(0.016/2)),-1)) -> 해당없음 | BX3: =ROUNDDOWN((BB3-BB3*$B$1)*(0.28%),-1) -> 2210 | BY3: =BB3 -> 1000000 | CB3: =IF(BW3="해당없음", (BB3+BX3)*AY3, BB3*AY3+(BW3+BX3)*AY3) -> 12026520 | CC3: =AZ3-CB3 -> 5973480 | CD3: =IFERROR((CC3/AZ3)*100,0) -> 33.186
A4: 1 | C4: 2023501 | D4: 이성전 위원 | E4: 박규성 | F4: 김병호 | G4: 차장 | H4: 중급상 | I4: 중급기술자 | J4: 하도급(M/M) | K4: 네트워크엔지니어 | L4: 2023-01-11부 프리전환 | M4: 02-6266-2397 | N4: 010-9154-5103 | O4: howpc80@cnthoth.com | P4: 800810-1 | Q4: 37865 | R4: 44937 | T4: 북공고 | V4: 고졸 | W4: CCNA | X4: CCNP | Z4: =IF(Q4<>"",$A$1-Q4,"") -> 8296 | AA4: =$A$1-R4 -> 1224 | AB4: 46203 | AD4: SKB 7층_동작 | AE4: 서울특별시 | AF4: 4. SKB/SK하이닉스 Infra 운영 | AG4: 4. SKB/SK하이닉스 Infra 운영 | AH4: SK AX | AI4: SKB(동작) | AK4: 07063 | AL4: 서울시 동작구 여의대방로 74 (신대방동) SK브로드밴드 7층 | AM4: 01229 | AN4: 서울특별시 강북구 한천로 105길 24, 211동 1320호 (번동, 번동2단지주공아파트) | AO4: ICT Cloud팀 | AP4: SKB N/W 운영 | AQ4: L3 운영 | AS4: 에스케이브로드밴드(주) / SKB 26년 IT장비 및 소프트웨어 유지보수_1분기(4500302989-01) | AT4: 통상 | AU4: 프리랜서 | AV4: 개인(사업소득) | AW4: 6488000 | AX4: 6488000 | AY4: 12 | AZ4: =AX4*AY4 -> 77856000 | BA4: 4800000 | BB4: 4900000 | BC4: 45839 | BW4: =IF((BB4-BB4*$B$1)<800000,"해당없음",ROUNDDOWN(IF(BB4-BB4*$B$1<1330000,1330000*0.016/2,(BB4-BB4*$B$1)*(0.016/2)),-1)) -> 31000 | BX4: =ROUNDDOWN((BB4-BB4*$B$1)*(0.28%),-1) -> 10850 | BY4: =BB4 -> 4900000 | CB4: =BB4*AY4+(BW4+BX4)*AY4 -> 59302200 | CC4: =AZ4-CB4 -> 18553800 | CD4: =IFERROR((CC4/AZ4)*100,0) -> 23.830919
A5: =ROW()-3 -> 2 | D5: 김태형 M, 이범철 M | E5: 이규동 | F5: 이규동 | G5: 과장 | H5: 중급상 | I5: 중급기술자 | J5: 하도급(FTE) | K5: DBA | L5: 2023-08-08부 프리전환 | M5: 02-6400-8856 | N5: 010-7574-1133 | O5: puma7574@cnthoth.com | P5: 830710-1 | Q5: 40118 | R5: 45146 | T5: 성남서고등학교 | V5: 고졸 | Z5: =IF(Q5<>"",$A$1-Q5,"") -> 6043 | AA5: =$A$1-R5 -> 1015 | AB5: 46203 | AD5: 분당지웰푸르지오_수내 | AE5: 경기도 | AF5: 1. Infra 운영 | AG5: 1. Infra 운영 | AH5: SK AX | AI5: SK그룹사(공통) | AK5: 13594 | AL5: 경기도 성남시 분당구 수내로 39 분당지웰푸르지오아파트 오피스 6층 | AM5: 05849 | AN5: 서울특별시 송파구 위례광장로 170, 102동 401호 (장지동, 힐스테이트 송파위례) | AO5: T Biz. Cloud팀 | AP5: DB 운영 | AQ5: Oracle 운영 | AR5: 고객 요청 처리 | AS5: 고객사 공통 / 2026년_인프라운영_HC12_1분기(4500303380-01) | AT5: 통상 | AU5: 프리랜서 | AV5: 개인(사업소득) | AW5: 5989000 | AX5: 5989000 | AY5: 12 | AZ5: =AX5*AY5 -> 71868000 | BA5: 5100000 | BB5: 5200000 | BC5: 45839 | BW5: =IF((BB5-BB5*$B$1)<800000,"해당없음",ROUNDDOWN(IF(BB5-BB5*$B$1<1330000,1330000*0.016/2,(BB5-BB5*$B$1)*(0.016/2)),-1)) -> 32900 | BX5: =ROUNDDOWN((BB5-BB5*$B$1)*(0.28%),-1) -> 11510 | BY5: =BB5 -> 5200000 | CB5: =BB5*AY5+(BW5+BX5)*AY5 -> 62932920 | CC5: =AZ5-CB5 -> 8935080 | CD5: =IFERROR((CC5/AZ5)*100,0) -> 12.432626
A6: =ROW()-3 -> 3 | D6: 김정훈 M | E6: 하상국(임명:박현성) | F6: 박현성 | G6: 과장 | H6: 중급하 | I6: 중급기술자 | J6: 하도급(M/M) | K6: 네트워크엔지니어 | L6: 2023-10-01부 프리전환 | N6: 010-2037-1515 | O6: dortus535@cnthoth.com | P6: 861001-1 | Q6: 40299 | R6: 45200 | T6: 방송통신대학교 | U6: 컴퓨터학과 | V6: 대졸예정 | Z6: =IF(Q6<>"",$A$1-Q6,"") -> 5862 | AA6: =$A$1-R6 -> 961 | AB6: 46203 | AD6: SK AX A동 4F_판교 | AE6: 경기도 | AF6: 1. Infra 운영 | AG6: 1. Infra 운영 | AH6: SK AX | AI6: SKT(판교/SKT성수국사) | AK6: 35259 | AL6: 경기도 성남시 분당구 판교로 255번길 46 SK C&C 판교캠퍼스 A동 4층 | AM6: 06611 | AN6: 서울특별시 서초구 서초대로73길 54, 1412호 (서초동, 서초동 오피스텔) | AO6: Network Service팀 | AP6: SKT N/W 구축 및 MA | AQ6: 구축 및 유지보수 | AS6: 에스케이텔레콤(주) / SKT 25년 SDN IP장비 유지보수 용역계약_26년1분기 (4500302287-01) | AT6: 통상 | AU6: 프리랜서 | AV6: 개인(사업소득) | AW6: 5461000 | AX6: 5461000 | AY6: 12 | AZ6: =AX6*AY6 -> 65532000 | BA6: 4200000 | BB6: 4300000 | BC6: 45839 | BW6: =IF((BB6-BB6*$B$1)<800000,"해당없음",ROUNDDOWN(IF(BB6-BB6*$B$1<1330000,1330000*0.016/2,(BB6-BB6*$B$1)*(0.016/2)),-1)) -> 27210 | BX6: =ROUNDDOWN((BB6-BB6*$B$1)*(0.28%),-1) -> 9520 | BY6: =BB6 -> 4300000 | CB6: =BB6*AY6+(BW6+BX6)*AY6 -> 52040760 | CC6: =AZ6-CB6 -> 13491240 | CD6: =IFERROR((CC6/AZ6)*100,0) -> 20.587255
A7: =ROW()-3 -> 4 | B7: Yes | D7: 정명호 M | E7: 김교원 | F7: 김교원 | G7: 부장 | H7: 특급 | I7: 특급기술자 | J7: 하도급(M/M) | K7: PMO | L7: 2025-01-01부 프리전환 | N7: 010-5470-0657 | O7: gk03449@cnthoth.com | P7: 740212-1 | Q7: 34700 | R7: 45658 | T7: 동서울대학교 | U7: 전자계산학과 | V7: 전문대중퇴 | Z7: =IF(Q7<>"",$A$1-Q7,"") -> 11461 | AA7: =$A$1-R7 -> 503 | AB7: 46203 | AD7: SKB_수유 1F | AE7: 서울특별시 | AF7: 3. 콜센터 & 금융 & 기타 | AG7: 3. 콜센터 & 금융 & 기타 | AH7: SK AX | AI7: SKB(수유) | AK7: 01133 | AL7: 서울시 강북구 도봉로 238 1층 SKB 미디어운용센터 | AM7: 22142 | AN7: 인천광역시 미추홀구 주안로205번길 18, 202호 (주안동, 대명리츠빌) | AO7: ICT Cloud팀 | AQ7: PMO | AR7: PMO | AS7: 에스케이브로드밴드(주) / SKB '25년 미디어 통합 유지보수(4500301890-01) | AT7: 통상 | AU7: 프리랜서 | AV7: 개인(사업소득) | AW7: 12500000 | AX7: 12700000 | AY7: 12 | AZ7: =AX7*AY7 -> 152400000 | BA7: 10000000 | BB7: 10100000 | BC7: 46023 | BW7: =IF((BB7-BB7*$B$1)<800000,"해당없음",ROUNDDOWN(IF(BB7-BB7*$B$1<1330000,1330000*0.016/2,(BB7-BB7*$B$1)*(0.016/2)),-1)) -> 63910 | BX7: =ROUNDDOWN((BB7-BB7*$B$1)*(0.28%),-1) -> 22360 | BY7: =BB7 -> 10100000 | CB7: =BB7*AY7+(BW7+BX7)*AY7 -> 122235240 | CC7: =AZ7-CB7 -> 30164760 | CD7: =IFERROR((CC7/AZ7)*100,0) -> 19.79315
A8: =ROW()-3 -> 5 | B8: Yes | D8: 김정훈 M | E8: 하상국 | F8: 하상국 | G8: 부장 | H8: 중급하 | I8: 중급기술자 | J8: 하도급(M/M) | K8: 네트워크엔지니어 | L8: 2025-04-01부 프리전환 | N8: 010-5353-0680 | O8: alina75@cnthoth.com | P8: 750529-1 | Q8: 37561 | R8: 45748 | T8: 동서울대학교 | U8: 컴퓨터소프트웨어과 | V8: 전문대졸 | Z8: =IF(Q8<>"",$A$1-Q8,"") -> 8600 | AA8: =$A$1-R8 -> 413 | AB8: 46203 | AD8: SK AX_판교 B동 | AE8: 경기도 | AF8: 1. Infra 운영 | AG8: 1. Infra 운영 | AH8: SK AX | AI8: SKT(판교/SKT성수국사) | AK8: 13486 | AL8: 경기도 성남시 분당구 판교로 255번길 46 SK C&C 판교캠퍼스 A동 4층 | AM8: 11939 | AN8: 경기도 구리시 체육관로 69, 201동 304호 (교문동, 하나아파트) | AO8: Network Service팀 | AP8: SKT N/W 구축 및 MA | AQ8: 구축 및 유지보수 | AS8: 에스케이텔레콤(주) / SKT 25년 SDN IP장비 유지보수 용역계약_26년1분기 (4500302287-01) | AT8: 통상 | AU8: 프리랜서 | AV8: 개인(사업소득) | AW8: 5674000 | AX8: 5674000 | AY8: 12 | AZ8: =AX8*AY8 -> 68088000 | BA8: 4700000 | BB8: 4850000 | BC8: 46023 | BW8: =IF((BB8-BB8*$B$1)<800000,"해당없음",ROUNDDOWN(IF(BB8-BB8*$B$1<1330000,1330000*0.016/2,(BB8-BB8*$B$1)*(0.016/2)),-1)) -> 30690 | BX8: =ROUNDDOWN((BB8-BB8*$B$1)*(0.28%),-1) -> 10740 | BY8: =BB8 -> 4850000 | CB8: =BB8*AY8+(BW8+BX8)*AY8 -> 58697160 | CC8: =AZ8-CB8 -> 9390840 | CD8: =IFERROR((CC8/AZ8)*100,0) -> 13.79221
A9: =ROW()-3 -> 6 | C9: 2026501 | D9: 지수환 M, 김도현 M | E9: 이경호 | F9: 이경호 | G9: 차장 | H9: 중급상 | I9: 중급기술자 | J9: 하도급(M/M) | K9: DBA | L9: 홍민지 후임 | N9: 010-2695-6654 | P9: 800117-1 | Q9: 40183 | R9: 46027 | T9: 성공회대학교 | U9: 전산정보공학과 | V9: 대졸 | W9: SQL개발자 | X9: OCP | Y9: 정보처리기사 외 | Z9: =IF(Q9<>"",$A$1-Q9,"") -> 5978 | AA9: =$A$1-R9 -> 134 | AB9: 46387 | AD9: 파라다이스_퇴계로 | AE9: 서울특별시 | AF9: 3. 콜센터 & 금융 & 기타 | AG9: 3. 콜센터 & 금융 & 기타 | AH9: SK AX | AI9: 파라다이스ITO | AJ9: 본사 관리 | AK9: 04560 | AL9: 서울시 중구 퇴계로 299 파라다이스 빌딩 7층 | AM9: 06937 | AN9: 서울특별시 동작구 상도로15길 131, 601호 (상도동, 상도 휴엔하임) | AO9: Cloud서비스 2팀 | AP9: 파라다이스 ITO | AQ9: DB 운영 | AS9: 고객사 공통 2026년_대외운영3(4500303729-01) | AT9: 통상 | AU9: 프리랜서 | AV9: 개인(사업소득) | AW9: 6700000 | AX9: 6700000 | AY9: 12 | AZ9: =AX9*AY9 -> 80400000 | BB9: 5500000 | BC9: 46023 | BW9: =IF((BB9-BB9*$B$1)<800000,"해당없음",ROUNDDOWN(IF(BB9-BB9*$B$1<1330000,1330000*0.016/2,(BB9-BB9*$B$1)*(0.016/2)),-1)) -> 34800 | BX9: =ROUNDDOWN((BB9-BB9*$B$1)*(0.28%),-1) -> 12180 | BY9: =BB9 -> 5500000 | CB9: =BB9*AY9+(BW9+BX9)*AY9 -> 66563760 | CC9: =AZ9-CB9 -> 13836240 | CD9: =IFERROR((CC9/AZ9)*100,0) -> 17.209254 | CH9: 이민호
A10: =ROW()-3 -> 7 | B10: Yes | C10: 2026502 | D10: 신항범M | E10: 이정민77 | F10: 이정민77 | G10: 부장 | H10: 고급상 | I10: 고급기술자 | J10: 하도급(M/M) | K10: 서버엔지니어 | L10: 2026_신규 | N10: 010-3769-1325 | O10: nin1325@cnthoth.com | P10: 771227-1 | R10: 46097 | T10: 대건고등학교 | V10: 고졸 | W10: RHCSA | Z10: =IF(Q10<>"",$A$1-Q10,"") | AA10: =$A$1-R10 -> 64 | AB10: 46310 | AD10: SK하이닉스_충칭 | AE10: 중국 | AG10: 5. 신규사업 | AH10: SK AX | AI10: SK하이닉스(충칭) | AM10: 22835 | AN10: 인천광역시 서구 염곡로 128-7, 3동 102호 (가좌동, 한일빌라) | AO10: Hynix Cloud팀 | AP10: SK하이닉스_충칭 DR 구축 | AQ10: 윈도우 서버 구축 | AT10: 통상 | AU10: 프리랜서 | AV10: 개인(사업소득) | AX10: 10000000 | AY10: 7 | AZ10: =AX10*AY10 -> 70000000 | BB10: 8500000 | BC10: 46097 | BW10: =IF((BB10-BB10*$B$1)<800000,"해당없음",ROUNDDOWN(IF(BB10-BB10*$B$1<1330000,1330000*0.016/2,(BB10-BB10*$B$1)*(0.016/2)),-1)) -> 53780 | BX10: =ROUNDDOWN((BB10-BB10*$B$1)*(0.28%),-1) -> 18820 | BY10: =BB10 -> 8500000 | CB10: =BB10*AY10+(BW10+BX10)*AY10 -> 60008200 | CC10: =AZ10-CB10 -> 9991800 | CD10: =IFERROR((CC10/AZ10)*100,0) -> 14.274 | CH10: 이민호
A11: =ROW()-3 -> 8 | B11: Yes | C11: 2026503 | D11: 신항범M | E11: 이정민 | F11: 전원식 | G11: 부장 | H11: 고급상 | I11: 고급기술자 | J11: 하도급(M/M) | K11: 서버엔지니어 | L11: 2026_신규 | N11: 010-3692-7469 | O11: wsjeon@cnthoth.com | P11: 740221-1 | R11: 46113 | T11: 서울보건대학 | U11: 전산정보처리 | V11: 전문대졸 | W11: MCDBA | Z11: =IF(Q11<>"",$A$1-Q11,"") | AA11: =$A$1-R11 -> 48 | AB11: 46326 | AD11: SK하이닉스_충칭 | AE11: 중국 | AG11: 5. 신규사업 | AH11: SK AX | AI11: SK하이닉스(충칭) | AM11: 30098 | AN11: 세종특별자치시 보듬4로 20, 도램마을10단지 1001동 702호 | AO11: Hynix Cloud팀 | AP11: SK하이닉스_충칭 DR 구축 | AQ11: 리눅스 서버 구축 | AT11: 통상 | AU11: 프리랜서 | AV11: 개인(사업소득) | AX11: 10000000 | AY11: 7 | AZ11: =AX11*AY11 -> 70000000 | BB11: 8500000 | BW11: =IF((BB11-BB11*$B$1)<800000,"해당없음",ROUNDDOWN(IF(BB11-BB11*$B$1<1330000,1330000*0.016/2,(BB11-BB11*$B$1)*(0.016/2)),-1)) -> 53780 | BX11: =ROUNDDOWN((BB11-BB11*$B$1)*(0.28%),-1) -> 18820 | BY11: =BB11 -> 8500000 | CB11: =BB11*AY11+(BW11+BX11)*AY11 -> 60008200 | CC11: =AZ11-CB11 -> 9991800 | CD11: =IFERROR((CC11/AZ11)*100,0) -> 14.274 | CG11: 잡코리아 | CH11: 이민호
A12: =ROW()-3 -> 9 | B12: Yes | C12: 2026504 | D12: 신항범M | E12: 이정민 | F12: 허근호 | G12: 부장 | H12: 고급상 | I12: 고급기술자 | J12: 하도급(M/M) | K12: Backup/Storage 엔지니어 | L12: 2026_신규 | N12: 010-5477-8284 | O12: khhuh@cnthoth.com | P12: 751023-1 | R12: 46113 | T12: 명지대학교 | U12: 화학공학과 | V12: 대졸 | Z12: =IF(Q12<>"",$A$1-Q12,"") | AA12: =$A$1-R12 -> 48 | AB12: 46295 | AD12: SK하이닉스_충칭 | AE12: 중국 | AG12: 5. 신규사업 | AH12: SK AX | AI12: SK하이닉스(충칭) | AM12: 12924 | AN12: 경기도 하남시 미사강변중앙로 90, 101동 2602호 (풍산동, 이편한세상미사) | AO12: Hynix Cloud팀 | AP12: SK하이닉스_충칭 DR 구축 | AQ12: 스토리지 구축 | AT12: 통상 | AU12: 프리랜서 | AV12: 개인(사업소득) | AX12: 10000000 | AY12: 6 | AZ12: =AX12*AY12 -> 60000000 | BB12: 8500000 | BW12: =IF((BB12-BB12*$B$1)<800000,"해당없음",ROUNDDOWN(IF(BB12-BB12*$B$1<1330000,1330000*0.016/2,(BB12-BB12*$B$1)*(0.016/2)),-1)) -> 53780 | BX12: =ROUNDDOWN((BB12-BB12*$B$1)*(0.28%),-1) -> 18820 | BY12: =BB12 -> 8500000 | CB12: =BB12*AY12+(BW12+BX12)*AY12 -> 51435600 | CC12: =AZ12-CB12 -> 8564400 | CD12: =IFERROR((CC12/AZ12)*100,0) -> 14.274 | CG12: 잡코리아 | CH12: 이민호
A13: =ROW()-3 -> 10 | B13: Yes | C13: 2026505 | D13: 전성민M | E13: 이은서 | F13: 이경원 | G13: 부장 | H13: 고급상 | I13: 고급기술자 | J13: 하도급(M/M) | K13: M/W 엔지니어 | L13: 2026_추가 | N13: 010-4398-0824 | O13: campione20@naver.com | P13: 731015-1 | R13: 46113 | T13: 단국대(천안) | U13: 전자계산학과 | V13: 대졸 | W13: 정보처리기사 | Z13: =IF(Q13<>"",$A$1-Q13,"") | AA13: =$A$1-R13 -> 48 | AD13: SK하이닉스_이천 | AE13: 경기도 | AG13: 4. SKB/SK하이닉스 Infra 운영 | AH13: SK AX | AI13: SK하이닉스(이천) | AM13: 04321 | AN13: 서울특별시 용산구 한강대로87길 7-8, 202호 (갈월동) | AO13: Hynix Cloud팀 | AP13: SK하이닉스 인프라 운영 | AQ13: 미들웨어 운영 | AT13: 통상 | AU13: 프리랜서 | AV13: 개인(사업소득) | AX13: 8950000 | AY13: 12 | AZ13: =AX13*AY13 -> 107400000 | BB13: 7500000 | BW13: =IF((BB13-BB13*$B$1)<800000,"해당없음",ROUNDDOWN(IF(BB13-BB13*$B$1<1330000,1330000*0.016/2,(BB13-BB13*$B$1)*(0.016/2)),-1)) -> 47460 | BX13: =ROUNDDOWN((BB13-BB13*$B$1)*(0.28%),-1) -> 16610 | BY13: =BB13 -> 7500000 | CB13: =BB13*AY13+(BW13+BX13)*AY13 -> 90768840 | CC13: =AZ13-CB13 -> 16631160 | CD13: =IFERROR((CC13/AZ13)*100,0) -> 15.485251 | CG13: 잡코리아 | CH13: 이민호
A14: =ROW()-3 -> 11 | B14: Yes | C14: 2026506 | D14: 전성민M/신상선M | E14: 이은서 | F14: 양재훈 | G14: 부장 | H14: 고급상 | I14: 고급기술자 | J14: 하도급(M/M) | K14: 시스템엔지니어 | L14: 2026_추가 | N14: 010-9029-1709 | O14: jay2248@naver.com | P14: 690110-1 | R14: 46113 | T14: 경희대학교 | U14: 전산공학 | V14: 대졸 | W14: CCNA | X14: Ennterprise Architecture Professional | Y14: Microsoft Aure Fundamentlals | Z14: =IF(Q14<>"",$A$1-Q14,"") | AA14: =$A$1-R14 -> 48 | AD14: SK하이닉스_이천 | AE14: 경기도 | AG14: 4. SKB/SK하이닉스 Infra 운영 | AH14: SK AX | AI14: SK하이닉스(이천) | AM14: 04419 | AN14: 서울특별시 용산구 한남대로 60, 7층 A-709호 (한남동, 금호리첸시아) | AO14: Hynix Cloud팀 | AP14: SK하이닉스 인프라 구축 | AQ14: 용인 DC 구축 TA | AT14: 통상 | AU14: 프리랜서 | AV14: 개인(사업소득) | AX14: 10000000 | AY14: 12 | AZ14: =AX14*AY14 -> 120000000 | BB14: 8500000 | BW14: =IF((BB14-BB14*$B$1)<800000,"해당없음",ROUNDDOWN(IF(BB14-BB14*$B$1<1330000,1330000*0.016/2,(BB14-BB14*$B$1)*(0.016/2)),-1)) -> 53780 | BX14: =ROUNDDOWN((BB14-BB14*$B$1)*(0.28%),-1) -> 18820 | BY14: =BB14 -> 8500000 | CB14: =BB14*AY14+(BW14+BX14)*AY14 -> 102871200 | CC14: =AZ14-CB14 -> 17128800 | CD14: =IFERROR((CC14/AZ14)*100,0) -> 14.274 | CG14: 이민호 | CH14: 이민호
A15: =ROW()-3 -> 12 | C15: 2021701 | D15: 강윤선 M | E15: 김진욱 | F15: 김진욱 | G15: 차장 | H15: 중급상 | I15: 중급기술자 | J15: 하도급(M/M) | K15: 네트워크엔지니어 | L15: 2021_신규 | N15: 010-2118-3563 | O15: jwkim82@cnthoth.com | P15: 821128-1 | Q15: 40544 | R15: 44348 | T15: 경기공업대학교 | U15: 컴퓨터응용제어공학 | V15: 대졸 | W15: CCNA | X15: CCNP | Y15: CCDA | Z15: 5316 | AA15: =$A$1-R15 -> 1813 | AB15: 46112 | AD15: 분당두산타워_정자 | AE15: 경기도 | AF15: 3. 콜센터 & 금융 & 기타 | AG15: 3. 콜센터 & 금융 & 기타 | AH15: SK AX | AI15: SK하이닉스 | AK15: 13558 | AL15: 경기도 성남시 분당구 정자일로 155 분당두산타워 4층 | AM15: 16875 | AN15: 경기도 용인시 수지구 현암로 125번길 11, 새터마을죽전힐스테이트 722-102호 | AO15: Hynix Cloud팀 | AP15: SK하이닉스 네트워크/교환기 | AQ15: 네트워크 운영 | AR15: 화상회의 시스템, 교환기 등 | AS15: 에스케이하이닉스 주식회사 / 26년 Hynix SW개발센터 운영_1분기(4500302431-01) | AT15: 외주_통상 | AU15: 협력사 | AV15: ㈜인노인 | AW15: 6306000 | AX15: 6306000 | AY15: 12 | AZ15: =AX15*AY15 -> 75672000 | BA15: 5880000 | BB15: 6000000 | BC15: 45839 | BY15: =CB15/AY15 -> 6000000 | CB15: =AY15*BB15 -> 72000000 | CC15: =AZ15-CB15 -> 3672000 | CD15: =IFERROR((CC15/AZ15)*100,0) -> 4.8525214
A16: =ROW()-3 -> 13 | C16: 2025042 | D16: 양동식 M | E16: 김성구 | F16: 최종수 | G16: 사원 | H16: 고능 | I16: 고급기능사 | J16: 하도급(M/M) | K16: 서비스 관제 엔지니어 | L16: Pool | M16: 02-6400-5026 | N16: 010-9740-6321 | O16: js9876@cnthoth.com | P16: 960828-1 | Q16: 45873 | R16: 45873 | T16: 가톨릭대학교 | U16: 정보통신전자공학부 | V16: 대졸 | W16: SQLD | X16: 네트워크관리사2급 | Z16: =IF(Q16<>"",$A$1-Q16,"") -> 288 | AA16: =$A$1-R16 -> 288 | AD16: 판교DC | AE16: 경기도 | AF16: 1. Infra 운영 | AG16: 1. Infra 운영 | AH16: SK AX | AI16: SK그룹사(공통) | AJ16: 김성구 | AK16: 13486 | AL16: 경기도 성남시 분당구 판교로 255번길 46 SK(주) C&C 판교캠퍼스 A동 1층 | AM16: 07975 | AN16: 서울특별시 양천구 목동중앙본로20길 20, 파인빌 102호 (목동, 목동다세대주택) | AO16: CloudControlCenter팀 | AP16: 판교 DC 운영 | AQ16: H/W 육안점검, 시스템 모니터링 및 장애 전파 | AT16: 스케줄 | AU16: 정직원 | AV16: 씨앤토트플러스㈜ | AW16: 0 | AX16: 0 | AY16: 12 | AZ16: =AX16*AY16 -> 0 | BC16: 46023 | BE16: 27498000 | BF16: =BG16*12 -> 28203600 | BG16: =BH16+BM16+BN16+BO16 -> 2350300 | BH16: 1699000 | BI16: =ROUND((BH16+BO16)/BJ16,2) -> 10320.65 | BJ16: =IF(AT16="통상",209,VLOOKUP(AD16,'[2]스케줄 분석_20260109'!$B$3:$F$20,5,FALSE)) -> 184 | BK16: =IF(AT16="통상",15,VLOOKUP(AD16,'[2]스케줄 분석_20260109'!$B$3:$P$20,10,FALSE)) -> 38.02 | BL16: =IF(AT16="통상",0,VLOOKUP(AD16,'[2]스케줄 분석_20260109'!$B$3:$P$20,11,FALSE)) -> 49.43 | BM16: =IF(OR(AT16="통상",AT16="스케줄_파라"),ROUNDUP(BI16*BK16*1.5,-2),IF(OR(AT16="스케줄",AT16="휴직_스케줄"),ROUNDUP(BI16*BK16*0.5,-2),"확인바람")) -> 196200 | BN16: =ROUNDUP(BI16*BL16*0.5,-2) -> 255100 | BO16: 200000 | BP16: =IF(OR(AT16="스케줄",AT16="스케줄_파라"),ROUNDUP(VLOOKUP(AD16,'[2]스케줄 분석_20260109'!$B$3:$Y$20,23,FALSE)*(VLOOKUP(AD16,'[2]스케줄 분석_20260109'!$B$3:$Y$20,21,FALSE)/VLOOKUP(AD16,'[2]스케줄 분석_20260109'!$B$3:$Y$20,20,FALSE))*VLOOKUP(AD16,'[2]스케줄 분석_20260109'!$B$3:$Y$20,22,FALSE)*VLOOKUP(AD16,'[2]스케줄 분석_20260109'!$B$3:$Y$20,2,FALSE)*1.5*BI16,0),0) -> 1869328 | BQ16: =IF(BI16>=$D$1,"적합","미달") -> 적합 | BS16: =IF(AT16="통상",BI16*8*5,IF(OR(AT16="스케줄",AT16="스케줄_파라"),BI16*100,"확인")) -> 1032065 | BT16: =BG16+BS16/12 -> 2436305.4 | BU16: =(BF16-BO16*12)*0.0475 -> 1225671 | BV16: =(BF16-BO16*12)*0.036+(BF16-BO16*12)*0.036*0.1314 -> 1050990.9 | BW16: =(BF16-BO16*12)*(0.009+0.0065) -> 399955.8 | BX16: =(BF16-BO16*12)*0.0066 -> 170303.76 | BY16: =CB16/AY16 -> 2937875 | BZ16: =SUM(BF16,BS16:BT16) -> 31671970 | CA16: =SUM(BU16:BX16) -> 2846921.5 | CB16: =BF16*1.25 -> 35254500 | CC16: =AZ16-CB16-BP16*1.21 -> -37516387 | CD16: =IFERROR((CC16/AZ16)*100,0) -> 0 | CG16: 사람인 | CH16: 장소영
A17: =ROW()-3 -> 14 | B17: Yes | C17: 2014006 | D17: 양동식 M | E17: 김성구 | F17: 김성구 | G17: 부장 | H17: 고급상 | I17: 고급기술자 | J17: 하도급(M/M) | K17: 서비스 관제 센터장 | M17: 02-6400-5026 | N17: 010-4095-7792 | O17: skkim@cnthoth.com | P17: 721222-1 | Q17: 33725 | R17: 40613 | S17: 41640 | T17: 서울강동고등학교 | V17: 고졸 | Z17: =IF(Q17<>"",$A$1-Q17,"") -> 12436 | AA17: =$A$1-R17 -> 5548 | AD17: 판교DC_주간 | AE17: 경기도 | AF17: 1. Infra 운영 | AG17: 1. Infra 운영 | AH17: SK AX | AI17: SK그룹사(공통) | AJ17: 김성구 | AK17: 13486 | AL17: 경기도 성남시 분당구 판교로 255번길 46 SK(주) C&C 판교캠퍼스 A동 1층 | AM17: 10494 | AN17: 경기도 고양시 덕양구 중앙로 558번길 57, 1818동 203호 (행신동, 햇빛마을18단지아파트) | AO17: CloudControlCenter팀 | AP17: 판교 DC 운영 | AQ17: 센터 총괄 운영 | AS17: 고객사 공통 / 2026년_VDI_01_1분기(4500302906-01) | AT17: 통상 | AU17: 정직원 | AV17: 씨앤토트플러스㈜ | AW17: 8160000 | AX17: 8160000 | AY17: 12 | AZ17: =AX17*AY17 -> 97920000 | BC17: 45839 | BD17: 70848000 | BE17: 73248000 | BF17: =BG17*12 -> 73248000 | BG17: =BH17+BM17+BN17+BO17 -> 6104000 | BH17: 5310700 | BI17: =ROUND((BH17+BO17)/BJ17,2) -> 26366.99 | BJ17: =IF(AT17="통상",209,VLOOKUP(AD17,'[2]스케줄 분석_20260109'!$B$3:$F$20,5,FALSE)) -> 209 | BK17: =IF(AT17="통상",15,VLOOKUP(AD17,'[2]스케줄 분석_20260109'!$B$3:$P$20,10,FALSE)) -> 15 | BL17: =IF(AT17="통상",0,VLOOKUP(AD17,'[2]스케줄 분석_20260109'!$B$3:$P$20,11,FALSE)) -> 0 | BM17: =IF(OR(AT17="통상",AT17="스케줄_파라"),ROUNDUP(BI17*BK17*1.5,-2),IF(OR(AT17="스케줄",AT17="휴직_스케줄"),ROUNDUP(BI17*BK17*0.5,-2),"확인바람")) -> 593300 | BN17: =ROUNDUP(BI17*BL17*0.5,-2) -> 0 | BO17: 200000 | BP17: =IF(OR(AT17="스케줄",AT17="스케줄_파라"),ROUNDUP(VLOOKUP(AD17,'[2]스케줄 분석_20260109'!$B$3:$Y$20,23,FALSE)*(VLOOKUP(AD17,'[2]스케줄 분석_20260109'!$B$3:$Y$20,21,FALSE)/VLOOKUP(AD17,'[2]스케줄 분석_20260109'!$B$3:$Y$20,20,FALSE))*VLOOKUP(AD17,'[2]스케줄 분석_20260109'!$B$3:$Y$20,22,FALSE)*VLOOKUP(AD17,'[2]스케줄 분석_20260109'!$B$3:$Y$20,2,FALSE)*1.5*BI17,0),0) -> 0 | BQ17: =IF(BI17>=$D$1,"적합","미달") -> 적합 | BS17: =IF(AT17="통상",BI17*8*5,IF(OR(AT17="스케줄",AT17="스케줄_파라"),BI17*100,"확인")) -> 1054679.6 | BT17: =BG17+BS17/12 -> 6191890 | BU17: =(BF17-BO17*12)*0.0475 -> 3365280 | BV17: =(BF17-BO17*12)*0.036+(BF17-BO17*12)*0.036*0.1314 -> 2885667.4 | BW17: =(BF17-BO17*12)*(0.009+0.0065) -> 1098144 | BX17: =(BF17-BO17*12)*0.0066 -> 467596.8 | BY17: =CB17/AY17 -> 7630000 | BZ17: =SUM(BF17,BS17:BT17) -> 80494570 | CA17: =SUM(BU17:BX17) -> 7816688.2 | CB17: =BF17*1.25 -> 91560000 | CC17: =AZ17-CB17-BP17*1.21 -> 6360000 | CD17: =IFERROR((CC17/AZ17)*100,0) -> 6.495098
A18: =ROW()-3 -> 15 | B18: Yes | C18: 2014010 | D18: 박귀진 M, 유석민 M | E18: 이기홍 | F18: 이기홍 | G18: 부장 | H18: 고급하 | I18: 중급기술자 | J18: 하도급(FTE) | K18: IT Facility 매니저 | M18: 02-6343-9321 | N18: 010-5327-0922 | O18: skymonst@cnthoth.com | P18: 630725-1 | Q18: 33664 | R18: 45139 | T18: 안양과학대학 | V18: 전문대졸 | Z18: =IF(Q18<>"",$A$1-Q18,"") -> 12497 | AA18: =$A$1-R18 -> 1022 | AD18: SKT장안국사_주간 | AE18: 서울특별시 | AF18: 3. 콜센터 & 금융 & 기타 | AG18: 3. 콜센터 & 금융 & 기타 | AH18: SK AX | AI18: SKT(장안콜센터) | AJ18: 이기홍 | AK18: 02635 | AL18: 서울시 동대문구 장한로3길 34 SKT 장안고객센터 구관 2층 시스템 운영실 | AM18: 15875 | AN18: 경기도 군포시 용호2로 51, 101동 404호 (당동, 쌍용아파트) | AO18: T Biz. Cloud팀 | AP18: SKT_장안 시스템 운영 | AQ18: Facility 운영 | AR18: / 시스템 관제 관리 | AS18: 고객사 공통 / 2026년_ICT운영171_1분기(4500303362-01) | AT18: 통상 | AU18: 정직원 | AV18: 씨앤토트플러스㈜ | AW18: 6598000 | AX18: 6598000 | AY18: 12 | AZ18: =AX18*AY18 -> 79176000 | BC18: 45839 | BD18: 54444000 | BE18: 55644000 | BF18: =BG18*12 -> 55644000 | BG18: =BH18+BM18+BN18+BO18 -> 4637000 | BH18: 3986300 | BI18: =ROUND((BH18+BO18)/BJ18,2) -> 20030.14 | BJ18: =IF(AT18="통상",209,VLOOKUP(AD18,'[2]스케줄 분석_20260109'!$B$3:$F$20,5,FALSE)) -> 209 | BK18: =IF(AT18="통상",15,VLOOKUP(AD18,'[2]스케줄 분석_20260109'!$B$3:$P$20,10,FALSE)) -> 15 | BL18: =IF(AT18="통상",0,VLOOKUP(AD18,'[2]스케줄 분석_20260109'!$B$3:$P$20,11,FALSE)) -> 0 | BM18: =IF(OR(AT18="통상",AT18="스케줄_파라"),ROUNDUP(BI18*BK18*1.5,-2),IF(OR(AT18="스케줄",AT18="휴직_스케줄"),ROUNDUP(BI18*BK18*0.5,-2),"확인바람")) -> 450700 | BN18: =ROUNDUP(BI18*BL18*0.5,-2) -> 0 | BO18: 200000 | BP18: =IF(OR(AT18="스케줄",AT18="스케줄_파라"),ROUNDUP(VLOOKUP(AD18,'[2]스케줄 분석_20260109'!$B$3:$Y$20,23,FALSE)*(VLOOKUP(AD18,'[2]스케줄 분석_20260109'!$B$3:$Y$20,21,FALSE)/VLOOKUP(AD18,'[2]스케줄 분석_20260109'!$B$3:$Y$20,20,FALSE))*VLOOKUP(AD18,'[2]스케줄 분석_20260109'!$B$3:$Y$20,22,FALSE)*VLOOKUP(AD18,'[2]스케줄 분석_20260109'!$B$3:$Y$20,2,FALSE)*1.5*BI18,0),0) -> 0 | BQ18: =IF(BI18>=$D$1,"적합","미달") -> 적합 | BS18: =IF(AT18="통상",BI18*8*5,IF(OR(AT18="스케줄",AT18="스케줄_파라"),BI18*100,"확인")) -> 801205.6 | BT18: =BG18+BS18/12 -> 4703767.1 | BU18: =(BF18-BO18*12)*0.0475 -> 2529090 | BV18: =(BF18-BO18*12)*0.036+(BF18-BO18*12)*0.036*0.1314 -> 2168649.4 | BW18: =(BF18-BO18*12)*(0.009+0.0065) -> 825282 | BX18: =(BF18-BO18*12)*0.0066 -> 351410.4 | BY18: =CB18/AY18 -> 5796250 | BZ18: =SUM(BF18,BS18:BT18) -> 61148973 | CA18: =SUM(BU18:BX18) -> 5874431.8 | CB18: =BF18*1.25 -> 69555000 | CC18: =AZ18-CB18-BP18*1.21 -> 9621000 | CD18: =IFERROR((CC18/AZ18)*100,0) -> 12.15141
A19: =ROW()-3 -> 16 | B19: Yes | C19: 2014013 | D19: 김현수 M | E19: 최재유 | F19: 최재유 | G19: 부장 | H19: 고급상 | I19: 고급기술자 | J19: 하도급(FTE) | K19: 네트워크엔지니어 | M19: 02-6400-6080 | N19: 010-3781-9230 | O19: pelikan.ju@cnthoth.com | P19: 690507-1 | Q19: 32964 | R19: 40613 | S19: 41640 | T19: 강남대학교 | V19: 대졸 | Z19: =IF(Q19<>"",$A$1-Q19,"") -> 13197 | AA19: =$A$1-R19 -> 5548 | AD19: SK AX B동 4F_판교 | AE19: 경기도 | AF19: 2. Network Service | AG19: 2. Network Service | AH19: SK AX | AI19: SK그룹사(공통) | AJ19: 최재유 | AK19: 13486 | AL19: 경기도 성남시 분당구 판교로 255번길 38 SK C&C 판교캠퍼스 B동 4층 | AM19: 13436 | AN19: 경기도 성남시 중원구 성남대로 1000, 318동 101호 (여수동, 센트럴타운 3단지) | AO19: Network Service팀 | AP19: SK공통 N/W 보안 운영 | AQ19: NW 일반 운영 및 회선관리 | AS19: 고객사 공통 / 2026년_인프라운영_HC11_1분기(4500303149-01) | AT19: 통상 | AU19: 정직원 | AV19: 씨앤토트플러스㈜ | AW19: 7355000 | AX19: 7355000 | AY19: 12 | AZ19: =AX19*AY19 -> 88260000 | BC19: 45839 | BD19: 65040000 | BE19: 66480000 | BF19: =BG19*12 -> 66480000 | BG19: =BH19+BM19+BN19+BO19 -> 5540000 | BH19: 4801500 | BI19: =ROUND((BH19+BO19)/BJ19,2) -> 23930.62 | BJ19: =IF(AT19="통상",209,VLOOKUP(AD19,'[2]스케줄 분석_20260109'!$B$3:$F$20,5,FALSE)) -> 209 | BK19: =IF(AT19="통상",15,VLOOKUP(AD19,'[2]스케줄 분석_20260109'!$B$3:$P$20,10,FALSE)) -> 15 | BL19: =IF(AT19="통상",0,VLOOKUP(AD19,'[2]스케줄 분석_20260109'!$B$3:$P$20,11,FALSE)) -> 0 | BM19: =IF(OR(AT19="통상",AT19="스케줄_파라"),ROUNDUP(BI19*BK19*1.5,-2),IF(OR(AT19="스케줄",AT19="휴직_스케줄"),ROUNDUP(BI19*BK19*0.5,-2),"확인바람")) -> 538500 | BN19: =ROUNDUP(BI19*BL19*0.5,-2) -> 0 | BO19: 200000 | BP19: =IF(OR(AT19="스케줄",AT19="스케줄_파라"),ROUNDUP(VLOOKUP(AD19,'[2]스케줄 분석_20260109'!$B$3:$Y$20,23,FALSE)*(VLOOKUP(AD19,'[2]스케줄 분석_20260109'!$B$3:$Y$20,21,FALSE)/VLOOKUP(AD19,'[2]스케줄 분석_20260109'!$B$3:$Y$20,20,FALSE))*VLOOKUP(AD19,'[2]스케줄 분석_20260109'!$B$3:$Y$20,22,FALSE)*VLOOKUP(AD19,'[2]스케줄 분석_20260109'!$B$3:$Y$20,2,FALSE)*1.5*BI19,0),0) -> 0 | BQ19: =IF(BI19>=$D$1,"적합","미달") -> 적합 | BS19: =IF(AT19="통상",BI19*8*5,IF(OR(AT19="스케줄",AT19="스케줄_파라"),BI19*100,"확인")) -> 957224.8 | BT19: =BG19+BS19/12 -> 5619768.7 | BU19: =(BF19-BO19*12)*0.0475 -> 3043800 | BV19: =(BF19-BO19*12)*0.036+(BF19-BO19*12)*0.036*0.1314 -> 2610004 | BW19: =(BF19-BO19*12)*(0.009+0.0065) -> 993240 | BX19: =(BF19-BO19*12)*0.0066 -> 422928 | BY19: =CB19/AY19 -> 6925000 | BZ19: =SUM(BF19,BS19:BT19) -> 73056994 | CA19: =SUM(BU19:BX19) -> 7069972 | CB19: =BF19*1.25 -> 83100000 | CC19: =AZ19-CB19-BP19*1.21 -> 5160000 | CD19: =IFERROR((CC19/AZ19)*100,0) -> 5.846363 | CI19: 신장 심하지 않은 장애
A20: =ROW()-3 -> 17 | B20: Yes | C20: 2014016 | D20: 박귀진 M, 송수근 위원 | E20: 조원석 | F20: 조원석 | G20: 부장 | H20: 고급하 | I20: 고급기술자 | J20: 하도급(FTE) | K20: 서비스 관제 센터장 | M20: 02-829-2382 | N20: 010-8706-7076 | O20: chobung@cnthoth.com | P20: 701001-1 | Q20: 36008 | R20: 40634 | S20: 41640 | T20: 서울 대진고등학교 | V20: 고졸 | W20: 정보처리기사 | X20: 전기산업기사 | Y20: 전기기사 | Z20: =IF(Q20<>"",$A$1-Q20,"") -> 10153 | AA20: =$A$1-R20 -> 5527 | AD20: 보라매DC_주간 | AE20: 서울특별시 | AF20: 1. Infra 운영 | AG20: 1. Infra 운영 | AH20: SK AX | AI20: SKT(보라매) | AJ20: 조원석 | AK20: 08708 | AL20: 서울시 관악구 보라매로5길 1 SK텔레콤빌딩 6F (봉천동) | AM20: 07704 | AN20: 서울특별시 강서구 강서로45다길 30-27, 109동 1002호 (화곡동, 초록아파트) | AO20: T Biz. Cloud팀 | AP20: 보라매 DC 운영 | AQ20: Facility 운영 | AR20: / 관제 운영 | AS20: 고객사 공통 / 2026년_인프라운영_HC12_1분기(4500303380-01) | AT20: 통상 | AU20: 정직원 | AV20: 씨앤토트플러스㈜ | AW20: 6316000 | AX20: 6316000 | AY20: 12 | AZ20: =AX20*AY20 -> 75792000 | BC20: 45839 | BD20: 56604000 | BE20: 57804000 | BF20: =BG20*12 -> 57804000 | BG20: =BH20+BM20+BN20+BO20 -> 4817000 | BH20: 4148800 | BI20: =ROUND((BH20+BO20)/BJ20,2) -> 20807.66 | BJ20: =IF(AT20="통상",209,VLOOKUP(AD20,'[2]스케줄 분석_20260109'!$B$3:$F$20,5,FALSE)) -> 209 | BK20: =IF(AT20="통상",15,VLOOKUP(AD20,'[2]스케줄 분석_20260109'!$B$3:$P$20,10,FALSE)) -> 15 | BL20: =IF(AT20="통상",0,VLOOKUP(AD20,'[2]스케줄 분석_20260109'!$B$3:$P$20,11,FALSE)) -> 0 | BM20: =IF(OR(AT20="통상",AT20="스케줄_파라"),ROUNDUP(BI20*BK20*1.5,-2),IF(OR(AT20="스케줄",AT20="휴직_스케줄"),ROUNDUP(BI20*BK20*0.5,-2),"확인바람")) -> 468200 | BN20: =ROUNDUP(BI20*BL20*0.5,-2) -> 0 | BO20: 200000 | BP20: =IF(OR(AT20="스케줄",AT20="스케줄_파라"),ROUNDUP(VLOOKUP(AD20,'[2]스케줄 분석_20260109'!$B$3:$Y$20,23,FALSE)*(VLOOKUP(AD20,'[2]스케줄 분석_20260109'!$B$3:$Y$20,21,FALSE)/VLOOKUP(AD20,'[2]스케줄 분석_20260109'!$B$3:$Y$20,20,FALSE))*VLOOKUP(AD20,'[2]스케줄 분석_20260109'!$B$3:$Y$20,22,FALSE)*VLOOKUP(AD20,'[2]스케줄 분석_20260109'!$B$3:$Y$20,2,FALSE)*1.5*BI20,0),0) -> 0 | BQ20: =IF(BI20>=$D$1,"적합","미달") -> 적합 | BS20: =IF(AT20="통상",BI20*8*5,IF(OR(AT20="스케줄",AT20="스케줄_파라"),BI20*100,"확인")) -> 832306.4 | BT20: =BG20+BS20/12 -> 4886358.9 | BU20: =(BF20-BO20*12)*0.0475 -> 2631690 | BV20: =(BF20-BO20*12)*0.036+(BF20-BO20*12)*0.036*0.1314 -> 2256627.1 | BW20: =(BF20-BO20*12)*(0.009+0.0065) -> 858762 | BX20: =(BF20-BO20*12)*0.0066 -> 365666.4 | BY20: =CB20/AY20 -> 6021250 | BZ20: =SUM(BF20,BS20:BT20) -> 63522665 | CA20: =SUM(BU20:BX20) -> 6112745.5 | CB20: =BF20*1.25 -> 72255000 | CC20: =AZ20-CB20-BP20*1.21 -> 3537000 | CD20: =IFERROR((CC20/AZ20)*100,0) -> 4.6667194
A21: =ROW()-3 -> 18 | B21: Yes | C21: 2014017 | D21: 박귀진 M, 이범철 M | E21: 하상영 | F21: 하상영 | G21: 부장 | H21: 고급하 | I21: 고급기술자 | J21: 하도급(FTE) | K21: IT Facility 매니저 | M21: 02-6400-6111 | N21: 010-3745-1745 | O21: hsy403@cnthoth.com | P21: 670601-1 | Q21: 33512 | R21: 40634 | S21: 41640 | T21: 서울 잠실고등학교 | V21: 고졸 | W21: 정보처리산업기사 | Z21: =IF(Q21<>"",$A$1-Q21,"") -> 12649 | AA21: =$A$1-R21 -> 5527 | AD21: SK AX_판교 B동 | AE21: 경기도 | AF21: 1. Infra 운영 | AG21: 1. Infra 운영 | AH21: SK AX | AI21: SK그룹사(공통) | AJ21: 김홍범 | AK21: 13558 | AL21: 경기도 성남시 분당구 판교로 255번길 46 SK C&C 판교캠퍼스 A동 1층 | AM21: 05783 | AN21: 서울특별시 송파구 동남로18길 9, 2동 405호 (가락동, 극동아파트) | AO21: 제조/환경Cloud팀 | AP21: Facility 운영 | AQ21: Facility 운영 | AS21: 고객사 공통 / 2026년_인프라운영_HC22_01_1분기 (4500303129-01) | AT21: 통상 | AU21: 정직원 | AV21: 씨앤토트플러스㈜ | AW21: 6600000 | AX21: 6600000 | AY21: 12 | AZ21: =AX21*AY21 -> 79200000 | BC21: 45839 | BD21: 51444000 | BE21: 52644000 | BF21: =BG21*12 -> 52644000 | BG21: =BH21+BM21+BN21+BO21 -> 4387000 | BH21: 3760600 | BI21: =ROUND((BH21+BO21)/BJ21,2) -> 18950.24 | BJ21: =IF(AT21="통상",209,VLOOKUP(AD21,'[2]스케줄 분석_20260109'!$B$3:$F$20,5,FALSE)) -> 209 | BK21: =IF(AT21="통상",15,VLOOKUP(AD21,'[2]스케줄 분석_20260109'!$B$3:$P$20,10,FALSE)) -> 15 | BL21: =IF(AT21="통상",0,VLOOKUP(AD21,'[2]스케줄 분석_20260109'!$B$3:$P$20,11,FALSE)) -> 0 | BM21: =IF(OR(AT21="통상",AT21="스케줄_파라"),ROUNDUP(BI21*BK21*1.5,-2),IF(OR(AT21="스케줄",AT21="휴직_스케줄"),ROUNDUP(BI21*BK21*0.5,-2),"확인바람")) -> 426400 | BN21: =ROUNDUP(BI21*BL21*0.5,-2) -> 0 | BO21: 200000 | BP21: =IF(OR(AT21="스케줄",AT21="스케줄_파라"),ROUNDUP(VLOOKUP(AD21,'[2]스케줄 분석_20260109'!$B$3:$Y$20,23,FALSE)*(VLOOKUP(AD21,'[2]스케줄 분석_20260109'!$B$3:$Y$20,21,FALSE)/VLOOKUP(AD21,'[2]스케줄 분석_20260109'!$B$3:$Y$20,20,FALSE))*VLOOKUP(AD21,'[2]스케줄 분석_20260109'!$B$3:$Y$20,22,FALSE)*VLOOKUP(AD21,'[2]스케줄 분석_20260109'!$B$3:$Y$20,2,FALSE)*1.5*BI21,0),0) -> 0 | BQ21: =IF(BI21>=$D$1,"적합","미달") -> 적합 | BS21: =IF(AT21="통상",BI21*8*5,IF(OR(AT21="스케줄",AT21="스케줄_파라"),BI21*100,"확인")) -> 758009.6 | BT21: =BG21+BS21/12 -> 4450167.5 | BU21: =(BF21-BO21*12)*0.0475 -> 2386590 | BV21: =(BF21-BO21*12)*0.036+(BF21-BO21*12)*0.036*0.1314 -> 2046458.2 | BW21: =(BF21-BO21*12)*(0.009+0.0065) -> 778782 | BX21: =(BF21-BO21*12)*0.0066 -> 331610.4 | BY21: =CB21/AY21 -> 5483750 | BZ21: =SUM(BF21,BS21:BT21) -> 57852177 | CA21: =SUM(BU21:BX21) -> 5543440.6 | CB21: =BF21*1.25 -> 65805000 | CC21: =AZ21-CB21-BP21*1.21 -> 13395000 | CD21: =IFERROR((CC21/AZ21)*100,0) -> 16.912879
A22: =ROW()-3 -> 19 | B22: Yes | C22: 2014021 | D22: 김태형 M | E22: 정태옥 | F22: 정태옥 | G22: 부장 | H22: 고급상 | I22: 고급기술자 | J22: 하도급(FTE) | K22: Backup/Storage 엔지니어 | M22: 02-6400-6551 | N22: 010-4948-0954 | O22: oktojung@cnthoth.com | P22: 700110-1 | Q22: 33970 | R22: 40664 | S22: 41640 | T22: 신흥대학 | V22: 전문대졸 | Z22: =IF(Q22<>"",$A$1-Q22,"") -> 12191 | AA22: =$A$1-R22 -> 5497 | AD22: 분당지웰푸르지오_수내 | AE22: 경기도 | AF22: 1. Infra 운영 | AG22: 1. Infra 운영 | AH22: SK AX | AI22: SK그룹사(공통) | AJ22: 김홍범 | AK22: 13594 | AL22: 경기도 성남시 분당구 수내로 39 분당지웰푸르지오아파트 오피스 6층 | AM22: 02248 | AN22: 서울특별시 중랑구 동일로 483, 101동 1902호 (면목4동, 두원아파트) | AO22: T Biz. Cloud팀 | AP22: Backup/Storage | AQ22: Backup/Restore 관리 | AR22: / Storage 구축 지원, 운영 | AS22: 고객사 공통 / 2026년_인프라운영_HC12_1분기(4500303380-01) | AT22: 통상 | AU22: 정직원 | AV22: 씨앤토트플러스㈜ | AW22: 8615000 | AX22: 8615000 | AY22: 12 | AZ22: =AX22*AY22 -> 103380000 | BC22: 45839 | BD22: 72900000 | BE22: 74520000 | BF22: =BG22*12 -> 74520000 | BG22: =BH22+BM22+BN22+BO22 -> 6210000 | BH22: 5406400 | BI22: =ROUND((BH22+BO22)/BJ22,2) -> 26824.88 | BJ22: =IF(AT22="통상",209,VLOOKUP(AD22,'[2]스케줄 분석_20260109'!$B$3:$F$20,5,FALSE)) -> 209 | BK22: =IF(AT22="통상",15,VLOOKUP(AD22,'[2]스케줄 분석_20260109'!$B$3:$P$20,10,FALSE)) -> 15 | BL22: =IF(AT22="통상",0,VLOOKUP(AD22,'[2]스케줄 분석_20260109'!$B$3:$P$20,11,FALSE)) -> 0 | BM22: =IF(OR(AT22="통상",AT22="스케줄_파라"),ROUNDUP(BI22*BK22*1.5,-2),IF(OR(AT22="스케줄",AT22="휴직_스케줄"),ROUNDUP(BI22*BK22*0.5,-2),"확인바람")) -> 603600 | BN22: =ROUNDUP(BI22*BL22*0.5,-2) -> 0 | BO22: 200000 | BP22: =IF(OR(AT22="스케줄",AT22="스케줄_파라"),ROUNDUP(VLOOKUP(AD22,'[2]스케줄 분석_20260109'!$B$3:$Y$20,23,FALSE)*(VLOOKUP(AD22,'[2]스케줄 분석_20260109'!$B$3:$Y$20,21,FALSE)/VLOOKUP(AD22,'[2]스케줄 분석_20260109'!$B$3:$Y$20,20,FALSE))*VLOOKUP(AD22,'[2]스케줄 분석_20260109'!$B$3:$Y$20,22,FALSE)*VLOOKUP(AD22,'[2]스케줄 분석_20260109'!$B$3:$Y$20,2,FALSE)*1.5*BI22,0),0) -> 0 | BQ22: =IF(BI22>=$D$1,"적합","미달") -> 적합 | BS22: =IF(AT22="통상",BI22*8*5,IF(OR(AT22="스케줄",AT22="스케줄_파라"),BI22*100,"확인")) -> 1072995.2 | BT22: =BG22+BS22/12 -> 6299416.3 | BU22: =(BF22-BO22*12)*0.0475 -> 3425700 | BV22: =(BF22-BO22*12)*0.036+(BF22-BO22*12)*0.036*0.1314 -> 2937476.4 | BW22: =(BF22-BO22*12)*(0.009+0.0065) -> 1117860 | BX22: =(BF22-BO22*12)*0.0066 -> 475992 | BY22: =CB22/AY22 -> 7762500 | BZ22: =SUM(BF22,BS22:BT22) -> 81892411 | CA22: =SUM(BU22:BX22) -> 7957028.4 | CB22: =BF22*1.25 -> 93150000 | CC22: =AZ22-CB22-BP22*1.21 -> 10230000 | CD22: =IFERROR((CC22/AZ22)*100,0) -> 9.8955311
A23: =ROW()-3 -> 20 | B23: Yes | C23: 2014022 | D23: 김태형 M | E23: 임정재 | F23: 임정재 | G23: 부장 | H23: 고급하 | I23: 고급기술자 | J23: 하도급(FTE) | K23: 네트워크엔지니어 | M23: 02-6100-2712 | N23: 010-3100-8444 | O23: netcomm@cnthoth.com | P23: 720810-1 | Q23: 36373 | R23: 41000 | S23: 41640 | T23: 호원대학교 | V23: 대졸 | W23: SCJP | Z23: =IF(Q23<>"",$A$1-Q23,"") -> 9788 | AA23: =$A$1-R23 -> 5161 | AD23: SKT_을지로 | AE23: 서울특별시 | AF23: 1. Infra 운영 | AG23: 1. Infra 운영 | AH23: SK AX | AI23: SKT_T타워(을지로) | AJ23: 임정재 | AK23: 04539 | AL23: 서울시 중구 을지로 65 (을지로2가) SK텔레콤빌딩 9층 IT Infra 그룹 | AM23: 03337 | AN23: 서울특별시 은평구 통일로 942-11, 202호 (불광동) | AO23: CloudControlCenter팀 | AP23: SKT 정보보안 | AQ23: 서비스 종합 장애조치 | AS23: 고객사 공통 / 2026년_인프라운영_HC10_21_1분기(4500303124-01) | AT23: 통상 | AU23: 정직원 | AV23: 씨앤토트플러스㈜ | AW23: 8373000 | AX23: 8373000 | AY23: 12 | AZ23: =AX23*AY23 -> 100476000 | BC23: 45839 | BD23: 70008000 | BE23: 71568000 | BF23: =BG23*12 -> 71568000 | BG23: =BH23+BM23+BN23+BO23 -> 5964000 | BH23: 5184300 | BI23: =ROUND((BH23+BO23)/BJ23,2) -> 25762.2 | BJ23: =IF(AT23="통상",209,VLOOKUP(AD23,'[2]스케줄 분석_20260109'!$B$3:$F$20,5,FALSE)) -> 209 | BK23: =IF(AT23="통상",15,VLOOKUP(AD23,'[2]스케줄 분석_20260109'!$B$3:$P$20,10,FALSE)) -> 15 | BL23: =IF(AT23="통상",0,VLOOKUP(AD23,'[2]스케줄 분석_20260109'!$B$3:$P$20,11,FALSE)) -> 0 | BM23: =IF(OR(AT23="통상",AT23="스케줄_파라"),ROUNDUP(BI23*BK23*1.5,-2),IF(OR(AT23="스케줄",AT23="휴직_스케줄"),ROUNDUP(BI23*BK23*0.5,-2),"확인바람")) -> 579700 | BN23: =ROUNDUP(BI23*BL23*0.5,-2) -> 0 | BO23: 200000 | BP23: =IF(OR(AT23="스케줄",AT23="스케줄_파라"),ROUNDUP(VLOOKUP(AD23,'[2]스케줄 분석_20260109'!$B$3:$Y$20,23,FALSE)*(VLOOKUP(AD23,'[2]스케줄 분석_20260109'!$B$3:$Y$20,21,FALSE)/VLOOKUP(AD23,'[2]스케줄 분석_20260109'!$B$3:$Y$20,20,FALSE))*VLOOKUP(AD23,'[2]스케줄 분석_20260109'!$B$3:$Y$20,22,FALSE)*VLOOKUP(AD23,'[2]스케줄 분석_20260109'!$B$3:$Y$20,2,FALSE)*1.5*BI23,0),0) -> 0 | BQ23: =IF(BI23>=$D$1,"적합","미달") -> 적합 | BS23: =IF(AT23="통상",BI23*8*5,IF(OR(AT23="스케줄",AT23="스케줄_파라"),BI23*100,"확인")) -> 1030488 | BT23: =BG23+BS23/12 -> 6049874 | BU23: =(BF23-BO23*12)*0.0475 -> 3285480 | BV23: =(BF23-BO23*12)*0.036+(BF23-BO23*12)*0.036*0.1314 -> 2817240.3 | BW23: =(BF23-BO23*12)*(0.009+0.0065) -> 1072104 | BX23: =(BF23-BO23*12)*0.0066 -> 456508.8 | BY23: =CB23/AY23 -> 7455000 | BZ23: =SUM(BF23,BS23:BT23) -> 78648362 | CA23: =SUM(BU23:BX23) -> 7631333.1 | CB23: =BF23*1.25 -> 89460000 | CC23: =AZ23-CB23-BP23*1.21 -> 11016000 | CD23: =IFERROR((CC23/AZ23)*100,0) -> 10.963812
A24: =ROW()-3 -> 21 | B24: Yes | C24: 2014023 | D24: 이성전 위원 | E24: 박규성 | F24: 박규성 | G24: 부장 | H24: 고급상 | I24: 고급기술자 | J24: 하도급(M/M) | K24: 네트워크엔지니어 | M24: 02-6266-6459 | N24: 010-8155-6509 | O24: gspark12@cnthoth.com | P24: 701205-1 | Q24: 33543 | R24: 41091 | S24: 41640 | T24: 한국정보기능대 | V24: 전문대졸 | W24: 정보설비기사2급 | X24: 유선설비기사2급 | Z24: =IF(Q24<>"",$A$1-Q24,"") -> 12618 | AA24: =$A$1-R24 -> 5070 | AD24: SKB 7층_동작 | AE24: 서울특별시 | AF24: 4. SKB/SK하이닉스 Infra 운영 | AG24: 4. SKB/SK하이닉스 Infra 운영 | AH24: SK AX | AI24: SKB(동작) | AJ24: 박규성 | AK24: 07063 | AL24: 서울시 동작구 여의대방로 74 (신대방동) SK브로드밴드 7층 | AM24: 07950 | AN24: 서울특별시 양천구 목동중앙북로6길 31-1, 2층 (목동) | AO24: ICT Cloud팀 | AP24: SKB N/W 운영 | AQ24: SKB N/W 운영 총괄 | AS24: 에스케이브로드밴드(주) / SKB 26년 IT장비 및 소프트웨어 유지보수_1분기(4500302989-01) | AT24: 통상 | AU24: 정직원 | AV24: 씨앤토트플러스㈜ | AW24: 7186000 | AX24: 7186000 | AY24: 12 | AZ24: =AX24*AY24 -> 86232000 | BC24: 45839 | BD24: 63204000 | BE24: 64548000 | BF24: =BG24*12 -> 64548000 | BG24: =BH24+BM24+BN24+BO24 -> 5379000 | BH24: 4656200 | BI24: =ROUND((BH24+BO24)/BJ24,2) -> 23235.41 | BJ24: =IF(AT24="통상",209,VLOOKUP(AD24,'[2]스케줄 분석_20260109'!$B$3:$F$20,5,FALSE)) -> 209 | BK24: =IF(AT24="통상",15,VLOOKUP(AD24,'[2]스케줄 분석_20260109'!$B$3:$P$20,10,FALSE)) -> 15 | BL24: =IF(AT24="통상",0,VLOOKUP(AD24,'[2]스케줄 분석_20260109'!$B$3:$P$20,11,FALSE)) -> 0 | BM24: =IF(OR(AT24="통상",AT24="스케줄_파라"),ROUNDUP(BI24*BK24*1.5,-2),IF(OR(AT24="스케줄",AT24="휴직_스케줄"),ROUNDUP(BI24*BK24*0.5,-2),"확인바람")) -> 522800 | BN24: =ROUNDUP(BI24*BL24*0.5,-2) -> 0 | BO24: 200000 | BP24: =IF(OR(AT24="스케줄",AT24="스케줄_파라"),ROUNDUP(VLOOKUP(AD24,'[2]스케줄 분석_20260109'!$B$3:$Y$20,23,FALSE)*(VLOOKUP(AD24,'[2]스케줄 분석_20260109'!$B$3:$Y$20,21,FALSE)/VLOOKUP(AD24,'[2]스케줄 분석_20260109'!$B$3:$Y$20,20,FALSE))*VLOOKUP(AD24,'[2]스케줄 분석_20260109'!$B$3:$Y$20,22,FALSE)*VLOOKUP(AD24,'[2]스케줄 분석_20260109'!$B$3:$Y$20,2,FALSE)*1.5*BI24,0),0) -> 0 | BQ24: =IF(BI24>=$D$1,"적합","미달") -> 적합 | BS24: =IF(AT24="통상",BI24*8*5,IF(OR(AT24="스케줄",AT24="스케줄_파라"),BI24*100,"확인")) -> 929416.4 | BT24: =BG24+BS24/12 -> 5456451.4 | BU24: =(BF24-BO24*12)*0.0475 -> 2952030 | BV24: =(BF24-BO24*12)*0.036+(BF24-BO24*12)*0.036*0.1314 -> 2531312.9 | BW24: =(BF24-BO24*12)*(0.009+0.0065) -> 963294 | BX24: =(BF24-BO24*12)*0.0066 -> 410176.8 | BY24: =CB24/AY24 -> 6723750 | BZ24: =SUM(BF24,BS24:BT24) -> 70933868 | CA24: =SUM(BU24:BX24) -> 6856813.7 | CB24: =BF24*1.25 -> 80685000 | CC24: =AZ24-CB24-BP24*1.21 -> 5547000 | CD24: =IFERROR((CC24/AZ24)*100,0) -> 6.4326468
A25: =ROW()-3 -> 22 | B25: Yes | C25: 2014024 | D25: 이성전 위원 | E25: 박규성(임명:신동호) | F25: 신동호 | G25: 부장 | H25: 고급상 | I25: 고급기술자 | J25: 하도급(M/M) | K25: DBA | L25: 배동환 후임 | M25: 02-6266-6907 | N25: 010-3459-0208 | O25: sdhcoo@cnthoth.com | P25: 710208-1 | Q25: 35582 | R25: 41275 | S25: 41640 | T25: 한신대학교 | V25: 대졸 | W25: 정보처리기사 | X25: OCP10g | Z25: =IF(Q25<>"",$A$1-Q25,"") -> 10579 | AA25: =$A$1-R25 -> 4886 | AD25: SKB 7층_동작 | AE25: 서울특별시 | AF25: 4. SKB/SK하이닉스 Infra 운영 | AG25: 4. SKB/SK하이닉스 Infra 운영 | AH25: SK AX | AI25: SKB(동작) | AJ25: 박규성 | AK25: 07063 | AL25: 서울시 동작구 여의대방로 74 (신대방동) SK브로드밴드 7층 | AM25: 03304 | AN25: 서울특별시 은평구 진관4로 78-7, 602동 301호 (진관동) | AO25: ICT Cloud팀 | AP25: DB 운영 | AQ25: DB 운영 | AR25: / Oracle | AS25: 에스케이브로드밴드(주) / SKB 26년 IT장비 및 소프트웨어 유지보수_1분기(4500302989-01) | AT25: 통상 | AU25: 정직원 | AV25: 씨앤토트플러스㈜ | AW25: 7186000 | AX25: 7186000 | AY25: 12 | AZ25: =AX25*AY25 -> 86232000 | BC25: 45839 | BD25: 61800000 | BE25: 63144000 | BF25: =BG25*12 -> 63144000 | BG25: =BH25+BM25+BN25+BO25 -> 5262000 | BH25: 4550500 | BI25: =ROUND((BH25+BO25)/BJ25,2) -> 22729.67 | BJ25: =IF(AT25="통상",209,VLOOKUP(AD25,'[2]스케줄 분석_20260109'!$B$3:$F$20,5,FALSE)) -> 209 | BK25: =IF(AT25="통상",15,VLOOKUP(AD25,'[2]스케줄 분석_20260109'!$B$3:$P$20,10,FALSE)) -> 15 | BL25: =IF(AT25="통상",0,VLOOKUP(AD25,'[2]스케줄 분석_20260109'!$B$3:$P$20,11,FALSE)) -> 0 | BM25: =IF(OR(AT25="통상",AT25="스케줄_파라"),ROUNDUP(BI25*BK25*1.5,-2),IF(OR(AT25="스케줄",AT25="휴직_스케줄"),ROUNDUP(BI25*BK25*0.5,-2),"확인바람")) -> 511500 | BN25: =ROUNDUP(BI25*BL25*0.5,-2) -> 0 | BO25: 200000 | BP25: =IF(OR(AT25="스케줄",AT25="스케줄_파라"),ROUNDUP(VLOOKUP(AD25,'[2]스케줄 분석_20260109'!$B$3:$Y$20,23,FALSE)*(VLOOKUP(AD25,'[2]스케줄 분석_20260109'!$B$3:$Y$20,21,FALSE)/VLOOKUP(AD25,'[2]스케줄 분석_20260109'!$B$3:$Y$20,20,FALSE))*VLOOKUP(AD25,'[2]스케줄 분석_20260109'!$B$3:$Y$20,22,FALSE)*VLOOKUP(AD25,'[2]스케줄 분석_20260109'!$B$3:$Y$20,2,FALSE)*1.5*BI25,0),0) -> 0 | BQ25: =IF(BI25>=$D$1,"적합","미달") -> 적합 | BS25: =IF(AT25="통상",BI25*8*5,IF(OR(AT25="스케줄",AT25="스케줄_파라"),BI25*100,"확인")) -> 909186.8 | BT25: =BG25+BS25/12 -> 5337765.6 | BU25: =(BF25-BO25*12)*0.0475 -> 2885340 | BV25: =(BF25-BO25*12)*0.036+(BF25-BO25*12)*0.036*0.1314 -> 2474127.4 | BW25: =(BF25-BO25*12)*(0.009+0.0065) -> 941532 | BX25: =(BF25-BO25*12)*0.0066 -> 400910.4 | BY25: =CB25/AY25 -> 6577500 | BZ25: =SUM(BF25,BS25:BT25) -> 69390952 | CA25: =SUM(BU25:BX25) -> 6701909.8 | CB25: =BF25*1.25 -> 78930000 | CC25: =AZ25-CB25-BP25*1.21 -> 7302000 | CD25: =IFERROR((CC25/AZ25)*100,0) -> 8.4678542
A26: =ROW()-3 -> 23 | B26: Yes | C26: 2014029 | D26: 김태형 M, 이범철 M | E26: 정태옥(임명:배상용) | F26: 배상용 | G26: 부장 | H26: 중급상 | I26: 중급기술자 | J26: 하도급(FTE) | K26: M/W 엔지니어 | M26: 02-6900-7095 | N26: 010-8668-2882 | O26: hollowmind@cnthoth.com | P26: 761203-1 | Q26: 38112 | R26: 40360 | S26: 41640 | T26: 전북대학교 | V26: 대졸 | Z26: =IF(Q26<>"",$A$1-Q26,"") -> 8049 | AA26: =$A$1-R26 -> 5801 | AD26: 분당지웰푸르지오_수내 | AE26: 경기도 | AF26: 1. Infra 운영 | AG26: 1. Infra 운영 | AH26: SK AX | AI26: SK그룹사(공통) | AJ26: 김홍범 | AK26: 13594 | AL26: 경기도 성남시 분당구 수내로 39 분당지웰푸르지오아파트 오피스 6층 | AM26: 16817 | AN26: 경기도 용인시 수지구 신봉2로 26, 108동 504호 (신봉동, 신봉마을엘지자이1차아파트) | AO26: T Biz. Cloud팀 | AP26: Middleware 운영 | AQ26: WAS 운영 | AS26: 고객사 공통 / 2026년_인프라운영_HC12_1분기(4500303380-01) | AT26: 통상 | AU26: 정직원 | AV26: 씨앤토트플러스㈜ | AW26: 6800000 | AX26: 6800000 | AY26: 12 | AZ26: =AX26*AY26 -> 81600000 | BC26: 45839 | BD26: 51408000 | BE26: 52608000 | BF26: =BG26*12 -> 52608000 | BG26: =BH26+BM26+BN26+BO26 -> 4384000 | BH26: 3757900 | BI26: =ROUND((BH26+BO26)/BJ26,2) -> 18937.32 | BJ26: =IF(AT26="통상",209,VLOOKUP(AD26,'[2]스케줄 분석_20260109'!$B$3:$F$20,5,FALSE)) -> 209 | BK26: =IF(AT26="통상",15,VLOOKUP(AD26,'[2]스케줄 분석_20260109'!$B$3:$P$20,10,FALSE)) -> 15 | BL26: =IF(AT26="통상",0,VLOOKUP(AD26,'[2]스케줄 분석_20260109'!$B$3:$P$20,11,FALSE)) -> 0 | BM26: =IF(OR(AT26="통상",AT26="스케줄_파라"),ROUNDUP(BI26*BK26*1.5,-2),IF(OR(AT26="스케줄",AT26="휴직_스케줄"),ROUNDUP(BI26*BK26*0.5,-2),"확인바람")) -> 426100 | BN26: =ROUNDUP(BI26*BL26*0.5,-2) -> 0 | BO26: 200000 | BP26: =IF(OR(AT26="스케줄",AT26="스케줄_파라"),ROUNDUP(VLOOKUP(AD26,'[2]스케줄 분석_20260109'!$B$3:$Y$20,23,FALSE)*(VLOOKUP(AD26,'[2]스케줄 분석_20260109'!$B$3:$Y$20,21,FALSE)/VLOOKUP(AD26,'[2]스케줄 분석_20260109'!$B$3:$Y$20,20,FALSE))*VLOOKUP(AD26,'[2]스케줄 분석_20260109'!$B$3:$Y$20,22,FALSE)*VLOOKUP(AD26,'[2]스케줄 분석_20260109'!$B$3:$Y$20,2,FALSE)*1.5*BI26,0),0) -> 0 | BQ26: =IF(BI26>=$D$1,"적합","미달") -> 적합 | BS26: =IF(AT26="통상",BI26*8*5,IF(OR(AT26="스케줄",AT26="스케줄_파라"),BI26*100,"확인")) -> 757492.8 | BT26: =BG26+BS26/12 -> 4447124.4 | BU26: =(BF26-BO26*12)*0.0475 -> 2384880 | BV26: =(BF26-BO26*12)*0.036+(BF26-BO26*12)*0.036*0.1314 -> 2044991.9 | BW26: =(BF26-BO26*12)*(0.009+0.0065) -> 778224 | BX26: =(BF26-BO26*12)*0.0066 -> 331372.8 | BY26: =CB26/AY26 -> 5480000 | BZ26: =SUM(BF26,BS26:BT26) -> 57812617 | CA26: =SUM(BU26:BX26) -> 5539468.7 | CB26: =BF26*1.25 -> 65760000 | CC26: =AZ26-CB26-BP26*1.21 -> 15840000 | CD26: =IFERROR((CC26/AZ26)*100,0) -> 19.411765
A27: =ROW()-3 -> 24 | B27: Yes | C27: 2014039 | D27: 민승기 M. 김홍섭 M | E27: 김홍범 | F27: 김홍범 | G27: 부장 | H27: 중급하 | I27: 중급기술자 | J27: 하도급(FTE) | K27: 시스템엔지니어 | M27: 02-6400-6043 | N27: 010-8685-7893 | O27: victor20@cnthoth.com | P27: 710103-1 | Q27: 35034 | R27: 40634 | S27: 41640 | T27: 충남전산전문대 | V27: 전문대졸 | W27: CSA | X27: 해상무선통신사 | Y27: 정보기기운용기능사 | Z27: =IF(Q27<>"",$A$1-Q27,"") -> 11127 | AA27: =$A$1-R27 -> 5527 | AD27: SK㈜ U타워_정자 | AE27: 경기도 | AF27: 1. Infra 운영 | AG27: 1. Infra 운영 | AH27: SK AX | AI27: SK그룹사(공통) | AJ27: 김홍범 | AK27: 13558 | AL27: 경기도 성남시 분당구 성남대로 343번길 9 SK U타워 23층 | AM27: 13584 | AN27: 경기도 성남시 분당구 서현로494번길 8-10 (분당동) | AO27: Cloud VDI팀 | AP27: 긴급 장애대응 | AQ27: 인프라 종합 장애조치 | AS27: 고객사 공통 / 2026년_VDI_01_1분기 (4500303359-01) | AT27: 통상 | AU27: 정직원 | AV27: 씨앤토트플러스㈜ | AW27: 5320000 | AX27: 5320000 | AY27: 12 | AZ27: =AX27*AY27 -> 63840000 | BC27: 45839 | BD27: 43308000 | BE27: 44316000 | BF27: =BG27*12 -> 44316000 | BG27: =BH27+BM27+BN27+BO27 -> 3693000 | BH27: 3134000 | BI27: =ROUND((BH27+BO27)/BJ27,2) -> 15952.15 | BJ27: =IF(AT27="통상",209,VLOOKUP(AD27,'[2]스케줄 분석_20260109'!$B$3:$F$20,5,FALSE)) -> 209 | BK27: =IF(AT27="통상",15,VLOOKUP(AD27,'[2]스케줄 분석_20260109'!$B$3:$P$20,10,FALSE)) -> 15 | BL27: =IF(AT27="통상",0,VLOOKUP(AD27,'[2]스케줄 분석_20260109'!$B$3:$P$20,11,FALSE)) -> 0 | BM27: =IF(OR(AT27="통상",AT27="스케줄_파라"),ROUNDUP(BI27*BK27*1.5,-2),IF(OR(AT27="스케줄",AT27="휴직_스케줄"),ROUNDUP(BI27*BK27*0.5,-2),"확인바람")) -> 359000 | BN27: =ROUNDUP(BI27*BL27*0.5,-2) -> 0 | BO27: 200000 | BP27: =IF(OR(AT27="스케줄",AT27="스케줄_파라"),ROUNDUP(VLOOKUP(AD27,'[2]스케줄 분석_20260109'!$B$3:$Y$20,23,FALSE)*(VLOOKUP(AD27,'[2]스케줄 분석_20260109'!$B$3:$Y$20,21,FALSE)/VLOOKUP(AD27,'[2]스케줄 분석_20260109'!$B$3:$Y$20,20,FALSE))*VLOOKUP(AD27,'[2]스케줄 분석_20260109'!$B$3:$Y$20,22,FALSE)*VLOOKUP(AD27,'[2]스케줄 분석_20260109'!$B$3:$Y$20,2,FALSE)*1.5*BI27,0),0) -> 0 | BQ27: =IF(BI27>=$D$1,"적합","미달") -> 적합 | BS27: =IF(AT27="통상",BI27*8*5,IF(OR(AT27="스케줄",AT27="스케줄_파라"),BI27*100,"확인")) -> 638086 | BT27: =BG27+BS27/12 -> 3746173.8 | BU27: =(BF27-BO27*12)*0.0475 -> 1991010 | BV27: =(BF27-BO27*12)*0.036+(BF27-BO27*12)*0.036*0.1314 -> 1707255.4 | BW27: =(BF27-BO27*12)*(0.009+0.0065) -> 649698 | BX27: =(BF27-BO27*12)*0.0066 -> 276645.6 | BY27: =CB27/AY27 -> 4616250 | BZ27: =SUM(BF27,BS27:BT27) -> 48700260 | CA27: =SUM(BU27:BX27) -> 4624609 | CB27: =BF27*1.25 -> 55395000 | CC27: =AZ27-CB27-BP27*1.21 -> 8445000 | CD27: =IFERROR((CC27/AZ27)*100,0) -> 13.228383
A28: =ROW()-3 -> 25 | B28: Yes | C28: 2014040 | D28: 김태형 M | E28: 김홍범(임명:서상우) | F28: 서상우 | G28: 부장 | H28: 고급상 | I28: 고급기술자 | J28: 하도급(FTE) | K28: 시스템엔지니어 | M28: 02-6400-6042 | N28: 010-3755-8429 | O28: unish99@cnthoth.com | P28: 720718-1 | Q28: 34851 | R28: 40634 | S28: 41640 | T28: 현대전산원 | V28: 전문대졸 | W28: 정보처리기사 | Z28: =IF(Q28<>"",$A$1-Q28,"") -> 11310 | AA28: =$A$1-R28 -> 5527 | AD28: 분당지웰푸르지오_수내 | AE28: 경기도 | AF28: 1. Infra 운영 | AG28: 1. Infra 운영 | AH28: SK AX | AI28: SK그룹사(공통) | AJ28: 김홍범 | AK28: 13594 | AL28: 경기도 성남시 분당구 수내로 39 분당지웰푸르지오아파트 오피스 6층 | AM28: 18407 | AN28: 경기도 화성시 병점2로 141 603동 707호(병점동 안화동마을주공아파트) | AO28: CloudControlCenter팀 | AP28: 긴급 장애대응 | AQ28: 인프라 종합 장애조치 | AS28: 고객사 공통 / 2026년_인프라운영_HC10_21_1분기(4500303124-01) | AT28: 통상 | AU28: 정직원 | AV28: 씨앤토트플러스㈜ | AW28: 7040000 | AX28: 7040000 | AY28: 12 | AZ28: =AX28*AY28 -> 84480000 | BC28: 45839 | BD28: 55404000 | BE28: 56736000 | BF28: =BG28*12 -> 56736000 | BG28: =BH28+BM28+BN28+BO28 -> 4728000 | BH28: 4068400 | BI28: =ROUND((BH28+BO28)/BJ28,2) -> 20422.97 | BJ28: =IF(AT28="통상",209,VLOOKUP(AD28,'[2]스케줄 분석_20260109'!$B$3:$F$20,5,FALSE)) -> 209 | BK28: =IF(AT28="통상",15,VLOOKUP(AD28,'[2]스케줄 분석_20260109'!$B$3:$P$20,10,FALSE)) -> 15 | BL28: =IF(AT28="통상",0,VLOOKUP(AD28,'[2]스케줄 분석_20260109'!$B$3:$P$20,11,FALSE)) -> 0 | BM28: =IF(OR(AT28="통상",AT28="스케줄_파라"),ROUNDUP(BI28*BK28*1.5,-2),IF(OR(AT28="스케줄",AT28="휴직_스케줄"),ROUNDUP(BI28*BK28*0.5,-2),"확인바람")) -> 459600 | BN28: =ROUNDUP(BI28*BL28*0.5,-2) -> 0 | BO28: 200000 | BP28: =IF(OR(AT28="스케줄",AT28="스케줄_파라"),ROUNDUP(VLOOKUP(AD28,'[2]스케줄 분석_20260109'!$B$3:$Y$20,23,FALSE)*(VLOOKUP(AD28,'[2]스케줄 분석_20260109'!$B$3:$Y$20,21,FALSE)/VLOOKUP(AD28,'[2]스케줄 분석_20260109'!$B$3:$Y$20,20,FALSE))*VLOOKUP(AD28,'[2]스케줄 분석_20260109'!$B$3:$Y$20,22,FALSE)*VLOOKUP(AD28,'[2]스케줄 분석_20260109'!$B$3:$Y$20,2,FALSE)*1.5*BI28,0),0) -> 0 | BQ28: =IF(BI28>=$D$1,"적합","미달") -> 적합 | BS28: =IF(AT28="통상",BI28*8*5,IF(OR(AT28="스케줄",AT28="스케줄_파라"),BI28*100,"확인")) -> 816918.8 | BT28: =BG28+BS28/12 -> 4796076.6 | BU28: =(BF28-BO28*12)*0.0475 -> 2580960 | BV28: =(BF28-BO28*12)*0.036+(BF28-BO28*12)*0.036*0.1314 -> 2213127 | BW28: =(BF28-BO28*12)*(0.009+0.0065) -> 842208 | BX28: =(BF28-BO28*12)*0.0066 -> 358617.6 | BY28: =CB28/AY28 -> 5910000 | BZ28: =SUM(BF28,BS28:BT28) -> 62348995 | CA28: =SUM(BU28:BX28) -> 5994912.6 | CB28: =BF28*1.25 -> 70920000 | CC28: =AZ28-CB28-BP28*1.21 -> 13560000 | CD28: =IFERROR((CC28/AZ28)*100,0) -> 16.051136
A29: =ROW()-3 -> 26 | B29: Yes | C29: 2014041 | D29: 박귀진 M, 이범철 M | E29: 김명국 | F29: 김명국 | G29: 부장 | H29: 중급상 | I29: 중급기술자 | J29: 하도급(FTE) | K29: 서버엔지니어 | N29: 010-8923-1140 | O29: hongtae70@cnthoth.com | P29: 700911-1 | Q29: 36617 | R29: 40634 | S29: 41640 | T29: 동서울대학 | V29: 전문대졸 | Z29: =IF(Q29<>"",$A$1-Q29,"") -> 9544 | AA29: =$A$1-R29 -> 5527 | AD29: SK㈜ U타워_정자 | AE29: 경기도 | AF29: 1. Infra 운영 | AG29: 1. Infra 운영 | AH29: SK AX | AI29: SK네트웍스 | AJ29: 개인 | AK29: 13558 | AL29: 경기도 성남시 분당구 성남대로 343번길 9 SK U타워 19층 | AM29: 04984 | AN29: 서울특별시 광진구 아차산로 503-23, 102동 501호 (광장동, 청구아파트) | AO29: 제조/환경Cloud팀 | AP29: SK네트웍스 서버 운영 | AQ29: Unix 서버 운영 | AS29: 고객사 공통 / 2026년_인프라운영_HC22_01_1분기 (4500303129-01) | AT29: 통상 | AU29: 정직원 | AV29: 씨앤토트플러스㈜ | AW29: 5929000 | AX29: 5929000 | AY29: 12 | AZ29: =AX29*AY29 -> 71148000 | BC29: 45839 | BD29: 48708000 | BE29: 49824000 | BF29: =BG29*12 -> 49824000 | BG29: =BH29+BM29+BN29+BO29 -> 4152000 | BH29: 3548400 | BI29: =ROUND((BH29+BO29)/BJ29,2) -> 17934.93 | BJ29: =IF(AT29="통상",209,VLOOKUP(AD29,'[2]스케줄 분석_20260109'!$B$3:$F$20,5,FALSE)) -> 209 | BK29: =IF(AT29="통상",15,VLOOKUP(AD29,'[2]스케줄 분석_20260109'!$B$3:$P$20,10,FALSE)) -> 15 | BL29: =IF(AT29="통상",0,VLOOKUP(AD29,'[2]스케줄 분석_20260109'!$B$3:$P$20,11,FALSE)) -> 0 | BM29: =IF(OR(AT29="통상",AT29="스케줄_파라"),ROUNDUP(BI29*BK29*1.5,-2),IF(OR(AT29="스케줄",AT29="휴직_스케줄"),ROUNDUP(BI29*BK29*0.5,-2),"확인바람")) -> 403600 | BN29: =ROUNDUP(BI29*BL29*0.5,-2) -> 0 | BO29: 200000 | BP29: =IF(OR(AT29="스케줄",AT29="스케줄_파라"),ROUNDUP(VLOOKUP(AD29,'[2]스케줄 분석_20260109'!$B$3:$Y$20,23,FALSE)*(VLOOKUP(AD29,'[2]스케줄 분석_20260109'!$B$3:$Y$20,21,FALSE)/VLOOKUP(AD29,'[2]스케줄 분석_20260109'!$B$3:$Y$20,20,FALSE))*VLOOKUP(AD29,'[2]스케줄 분석_20260109'!$B$3:$Y$20,22,FALSE)*VLOOKUP(AD29,'[2]스케줄 분석_20260109'!$B$3:$Y$20,2,FALSE)*1.5*BI29,0),0) -> 0 | BQ29: =IF(BI29>=$D$1,"적합","미달") -> 적합 | BS29: =IF(AT29="통상",BI29*8*5,IF(OR(AT29="스케줄",AT29="스케줄_파라"),BI29*100,"확인")) -> 717397.2 | BT29: =BG29+BS29/12 -> 4211783.1 | BU29: =(BF29-BO29*12)*0.0475 -> 2252640 | BV29: =(BF29-BO29*12)*0.036+(BF29-BO29*12)*0.036*0.1314 -> 1931598.5 | BW29: =(BF29-BO29*12)*(0.009+0.0065) -> 735072 | BX29: =(BF29-BO29*12)*0.0066 -> 312998.4 | BY29: =CB29/AY29 -> 5190000 | BZ29: =SUM(BF29,BS29:BT29) -> 54753180 | CA29: =SUM(BU29:BX29) -> 5232308.9 | CB29: =BF29*1.25 -> 62280000 | CC29: =AZ29-CB29-BP29*1.21 -> 8868000 | CD29: =IFERROR((CC29/AZ29)*100,0) -> 12.464159
A30: =ROW()-3 -> 27 | B30: Yes | C30: 2014042 | D30: 박귀진 M, 이범철 M | E30: 이창환 | F30: 이창환 | G30: 부장 | H30: 고급하 | I30: 고급기술자 | J30: 하도급(FTE) | K30: 서버엔지니어 | M30: 031-250-7885 | N30: 010-6264-1021 | O30: hwanlee@cnthoth.com | P30: 740814-1 | Q30: 36008 | R30: 40634 | S30: 41640 | T30: 서울 송곡고등학교 | V30: 고졸 | W30: MCP | Z30: =IF(Q30<>"",$A$1-Q30,"") -> 10153 | AA30: =$A$1-R30 -> 5527 | AD30: SKC수원공장_수원 | AE30: 경기도 | AF30: 1. Infra 운영 | AG30: 1. Infra 운영 | AH30: SK AX | AI30: SKC(수원) | AJ30: 개인 | AK30: 16336 | AL30: 경기도 수원시 장안구 장안로 309번길 84 SKC수원공장 SKCC_IT지원팀 | AM30: 21577 | AN30: 인천광역시 남동구 성리로27번길 3, 202호 (구월동, 성리주택) | AO30: 제조/환경Cloud팀 | AP30: SKC 서버 운영 | AQ30: Unix 서버 운영 | AR30: / Linux 서버 운영 | AS30: 고객사 공통 / 2026년_인프라운영_HC22_01_1분기 (4500303129-01) | AT30: 통상 | AU30: 정직원 | AV30: 씨앤토트플러스㈜ | AW30: 6592000 | AX30: 6592000 | AY30: 12 | AZ30: =AX30*AY30 -> 79104000 | BC30: 45839 | BD30: 53400000 | BE30: 54600000 | BF30: =BG30*12 -> 54600000 | BG30: =BH30+BM30+BN30+BO30 -> 4550000 | BH30: 3907700 | BI30: =ROUND((BH30+BO30)/BJ30,2) -> 19654.07 | BJ30: =IF(AT30="통상",209,VLOOKUP(AD30,'[2]스케줄 분석_20260109'!$B$3:$F$20,5,FALSE)) -> 209 | BK30: =IF(AT30="통상",15,VLOOKUP(AD30,'[2]스케줄 분석_20260109'!$B$3:$P$20,10,FALSE)) -> 15 | BL30: =IF(AT30="통상",0,VLOOKUP(AD30,'[2]스케줄 분석_20260109'!$B$3:$P$20,11,FALSE)) -> 0 | BM30: =IF(OR(AT30="통상",AT30="스케줄_파라"),ROUNDUP(BI30*BK30*1.5,-2),IF(OR(AT30="스케줄",AT30="휴직_스케줄"),ROUNDUP(BI30*BK30*0.5,-2),"확인바람")) -> 442300 | BN30: =ROUNDUP(BI30*BL30*0.5,-2) -> 0 | BO30: 200000 | BP30: =IF(OR(AT30="스케줄",AT30="스케줄_파라"),ROUNDUP(VLOOKUP(AD30,'[2]스케줄 분석_20260109'!$B$3:$Y$20,23,FALSE)*(VLOOKUP(AD30,'[2]스케줄 분석_20260109'!$B$3:$Y$20,21,FALSE)/VLOOKUP(AD30,'[2]스케줄 분석_20260109'!$B$3:$Y$20,20,FALSE))*VLOOKUP(AD30,'[2]스케줄 분석_20260109'!$B$3:$Y$20,22,FALSE)*VLOOKUP(AD30,'[2]스케줄 분석_20260109'!$B$3:$Y$20,2,FALSE)*1.5*BI30,0),0) -> 0 | BQ30: =IF(BI30>=$D$1,"적합","미달") -> 적합 | BS30: =IF(AT30="통상",BI30*8*5,IF(OR(AT30="스케줄",AT30="스케줄_파라"),BI30*100,"확인")) -> 786162.8 | BT30: =BG30+BS30/12 -> 4615513.6 | BU30: =(BF30-BO30*12)*0.0475 -> 2479500 | BV30: =(BF30-BO30*12)*0.036+(BF30-BO30*12)*0.036*0.1314 -> 2126126.9 | BW30: =(BF30-BO30*12)*(0.009+0.0065) -> 809100 | BX30: =(BF30-BO30*12)*0.0066 -> 344520 | BY30: =CB30/AY30 -> 5687500 | BZ30: =SUM(BF30,BS30:BT30) -> 60001676 | CA30: =SUM(BU30:BX30) -> 5759246.9 | CB30: =BF30*1.25 -> 68250000 | CC30: =AZ30-CB30-BP30*1.21 -> 10854000 | CD30: =IFERROR((CC30/AZ30)*100,0) -> 13.721177
A31: =ROW()-3 -> 28 | B31: Yes | C31: 2014043 | D31: 이용재 M, 김현수 M | E31: 최재유(임명:강윤식) | F31: 노상필 | G31: 부장 | H31: 중급하 | I31: 중급기술자 | J31: 하도급(FTE) | K31: 네트워크엔지니어 | M31: 02-6400-6071 | N31: 010-5050-7113 | O31: nosfeels@cnthoth.com | P31: 750114-1 | Q31: 36161 | R31: 40634 | S31: 41640 | T31: 안산공과대학 | V31: 전문대졸 | Z31: =IF(Q31<>"",$A$1-Q31,"") -> 10000 | AA31: =$A$1-R31 -> 5527 | AD31: 내외빌딩_을지로 | AE31: 서울특별시 | AF31: 2. Network Service | AG31: 2. Network Service | AH31: SK AX | AI31: SK그룹사(공통) | AJ31: 최재유 | AK31: 04539 | AL31: 서울특별시 중구 을지로2가 6, 14층 (을지로2가, 내외빌딩) | AM31: 04339 | AN31: 서울특별시 용산구 신흥로 12길 27, 3층 (용산동2가) | AO31: Network Service팀 | AP31: SK공통 N/W 운영 | AQ31: N/W 장애처리 | AS31: 고객사 공통 / 2026년_인프라운영_HC11_1분기(4500303149-01) | AT31: 통상 | AU31: 정직원 | AV31: 씨앤토트플러스㈜ | AW31: 4728000 | AX31: 4728000 | AY31: 12 | AZ31: =AX31*AY31 -> 56736000 | BC31: 45839 | BD31: 42120000 | BE31: 43008000 | BF31: =BG31*12 -> 43008000 | BG31: =BH31+BM31+BN31+BO31 -> 3584000 | BH31: 3035600 | BI31: =ROUND((BH31+BO31)/BJ31,2) -> 15481.34 | BJ31: =IF(AT31="통상",209,VLOOKUP(AD31,'[2]스케줄 분석_20260109'!$B$3:$F$20,5,FALSE)) -> 209 | BK31: =IF(AT31="통상",15,VLOOKUP(AD31,'[2]스케줄 분석_20260109'!$B$3:$P$20,10,FALSE)) -> 15 | BL31: =IF(AT31="통상",0,VLOOKUP(AD31,'[2]스케줄 분석_20260109'!$B$3:$P$20,11,FALSE)) -> 0 | BM31: =IF(OR(AT31="통상",AT31="스케줄_파라"),ROUNDUP(BI31*BK31*1.5,-2),IF(OR(AT31="스케줄",AT31="휴직_스케줄"),ROUNDUP(BI31*BK31*0.5,-2),"확인바람")) -> 348400 | BN31: =ROUNDUP(BI31*BL31*0.5,-2) -> 0 | BO31: 200000 | BP31: =IF(OR(AT31="스케줄",AT31="스케줄_파라"),ROUNDUP(VLOOKUP(AD31,'[2]스케줄 분석_20260109'!$B$3:$Y$20,23,FALSE)*(VLOOKUP(AD31,'[2]스케줄 분석_20260109'!$B$3:$Y$20,21,FALSE)/VLOOKUP(AD31,'[2]스케줄 분석_20260109'!$B$3:$Y$20,20,FALSE))*VLOOKUP(AD31,'[2]스케줄 분석_20260109'!$B$3:$Y$20,22,FALSE)*VLOOKUP(AD31,'[2]스케줄 분석_20260109'!$B$3:$Y$20,2,FALSE)*1.5*BI31,0),0) -> 0 | BQ31: =IF(BI31>=$D$1,"적합","미달") -> 적합 | BS31: =IF(AT31="통상",BI31*8*5,IF(OR(AT31="스케줄",AT31="스케줄_파라"),BI31*100,"확인")) -> 619253.6 | BT31: =BG31+BS31/12 -> 3635604.5 | BU31: =(BF31-BO31*12)*0.0475 -> 1928880 | BV31: =(BF31-BO31*12)*0.036+(BF31-BO31*12)*0.036*0.1314 -> 1653980.1 | BW31: =(BF31-BO31*12)*(0.009+0.0065) -> 629424 | BX31: =(BF31-BO31*12)*0.0066 -> 268012.8 | BY31: =CB31/AY31 -> 4480000 | BZ31: =SUM(BF31,BS31:BT31) -> 47262858 | CA31: =SUM(BU31:BX31) -> 4480296.9 | CB31: =BF31*1.25 -> 53760000 | CC31: =AZ31-CB31-BP31*1.21 -> 2976000 | CD31: =IFERROR((CC31/AZ31)*100,0) -> 5.2453469
A32: =ROW()-3 -> 29 | B32: Yes | C32: 2014044 | D32: 이용재 M, 김현수 M | E32: 최재유(임명:강윤식) | F32: 이창훈 | G32: 부장 | H32: 중급상 | I32: 중급기술자 | J32: 하도급(FTE) | K32: 네트워크엔지니어 | M32: 02-6400-7005 | N32: 010-5254-7095 | O32: fanta966@cnthoth.com | P32: 740708-1 | Q32: 36526 | R32: 40634 | S32: 41640 | T32: 오산대학 | V32: 전문대졸 | Z32: =IF(Q32<>"",$A$1-Q32,"") -> 9635 | AA32: =$A$1-R32 -> 5527 | AD32: 판교NOC | AE32: 경기도 | AF32: 2. Network Service | AG32: 2. Network Service | AH32: SK AX | AI32: SK그룹사(공통) | AJ32: 최재유 | AK32: 13486 | AL32: 경기도 성남시 분당구 판교로 255번길 46 SK C&C 판교캠퍼스 A동 4층 | AM32: 03301 | AN32: 서울특별시 은평구 진관3로 21, 102동 1502호 (진관동, 은평뉴타운엘크루) | AO32: Network Service팀 | AP32: SK공통 N/W 운영 | AQ32: N/W 모니터링 및 장애처리 | AS32: 고객사 공통 / 2026년_인프라운영_HC11_1분기(4500303149-01) | AT32: 통상 | AU32: 정직원 | AV32: 씨앤토트플러스㈜ | AW32: 6339000 | AX32: 6339000 | AY32: 12 | AZ32: =AX32*AY32 -> 76068000 | BC32: 45839 | BD32: 56928000 | BE32: 58666800 | BF32: =BG32*12 -> 58666800 | BG32: =BH32+BM32+BN32+BO32 -> 4888900 | BH32: 4213700 | BI32: =ROUND((BH32+BO32)/BJ32,2) -> 21118.18 | BJ32: =IF(AT32="통상",209,VLOOKUP(AD32,'[2]스케줄 분석_20260109'!$B$3:$F$20,5,FALSE)) -> 209 | BK32: =IF(AT32="통상",15,VLOOKUP(AD32,'[2]스케줄 분석_20260109'!$B$3:$P$20,10,FALSE)) -> 15 | BL32: =IF(AT32="통상",0,VLOOKUP(AD32,'[2]스케줄 분석_20260109'!$B$3:$P$20,11,FALSE)) -> 0 | BM32: =IF(OR(AT32="통상",AT32="스케줄_파라"),ROUNDUP(BI32*BK32*1.5,-2),IF(OR(AT32="스케줄",AT32="휴직_스케줄"),ROUNDUP(BI32*BK32*0.5,-2),"확인바람")) -> 475200 | BN32: =ROUNDUP(BI32*BL32*0.5,-2) -> 0 | BO32: 200000 | BP32: =IF(OR(AT32="스케줄",AT32="스케줄_파라"),ROUNDUP(VLOOKUP(AD32,'[2]스케줄 분석_20260109'!$B$3:$Y$20,23,FALSE)*(VLOOKUP(AD32,'[2]스케줄 분석_20260109'!$B$3:$Y$20,21,FALSE)/VLOOKUP(AD32,'[2]스케줄 분석_20260109'!$B$3:$Y$20,20,FALSE))*VLOOKUP(AD32,'[2]스케줄 분석_20260109'!$B$3:$Y$20,22,FALSE)*VLOOKUP(AD32,'[2]스케줄 분석_20260109'!$B$3:$Y$20,2,FALSE)*1.5*BI32,0),0) -> 0 | BQ32: =IF(BI32>=$D$1,"적합","미달") -> 적합 | BS32: =IF(AT32="통상",BI32*8*5,IF(OR(AT32="스케줄",AT32="스케줄_파라"),BI32*100,"확인")) -> 844727.2 | BT32: =BG32+BS32/12 -> 4959293.9 | BU32: =(BF32-BO32*12)*0.0475 -> 2672673 | BV32: =(BF32-BO32*12)*0.036+(BF32-BO32*12)*0.036*0.1314 -> 2291769.3 | BW32: =(BF32-BO32*12)*(0.009+0.0065) -> 872135.4 | BX32: =(BF32-BO32*12)*0.0066 -> 371360.88 | BY32: =CB32/AY32 -> 6111125 | BZ32: =SUM(BF32,BS32:BT32) -> 64470821 | CA32: =SUM(BU32:BX32) -> 6207938.6 | CB32: =BF32*1.25 -> 73333500 | CC32: =AZ32-CB32-BP32*1.21 -> 2734500 | CD32: =IFERROR((CC32/AZ32)*100,0) -> 3.5948099
A33: =ROW()-3 -> 30 | B33: Yes | C33: 2014045 | D33: 이용재 M, 김현수 M | E33: 최재유(임명:강윤식) | F33: 이현태 | G33: 부장 | H33: 중급상 | I33: 중급기술자 | J33: 하도급(FTE) | K33: 네트워크엔지니어 | M33: 02-6400-7010 | N33: 010-6424-0729 | O33: skycall@cnthoth.com | P33: 710729-1 | Q33: 35521 | R33: 40634 | S33: 41640 | T33: 전북대학교 | V33: 대졸 | W33: 정보처리기사 | X33: 네트워크관리사2급 | Z33: =IF(Q33<>"",$A$1-Q33,"") -> 10640 | AA33: =$A$1-R33 -> 5527 | AD33: 판교NOC | AE33: 경기도 | AF33: 2. Network Service | AG33: 2. Network Service | AH33: SK AX | AI33: SK그룹사(공통) | AJ33: 최재유 | AK33: 13486 | AL33: 경기도 성남시 분당구 판교로 255번길 46 SK C&C 판교캠퍼스 A동 4층 | AM33: 16909 | AN33: 경기도 용인시 기흥구 연원로 42번길 2, 121동 401호 (마북동, 연원마을벽산아파트) | AO33: Network Service팀 | AP33: SK공통 N/W 운영 | AQ33: N/W 모니터링 및 장애처리 | AS33: 고객사 공통 / 2026년_인프라운영_HC11_1분기(4500303149-01) | AT33: 통상 | AU33: 정직원 | AV33: 씨앤토트플러스㈜ | AW33: 6304000 | AX33: 6304000 | AY33: 12 | AZ33: =AX33*AY33 -> 75648000 | BC33: 45839 | BD33: 57588000 | BE33: 58788000 | BF33: =BG33*12 -> 58788000 | BG33: =BH33+BM33+BN33+BO33 -> 4899000 | BH33: 4222800 | BI33: =ROUND((BH33+BO33)/BJ33,2) -> 21161.72 | BJ33: =IF(AT33="통상",209,VLOOKUP(AD33,'[2]스케줄 분석_20260109'!$B$3:$F$20,5,FALSE)) -> 209 | BK33: =IF(AT33="통상",15,VLOOKUP(AD33,'[2]스케줄 분석_20260109'!$B$3:$P$20,10,FALSE)) -> 15 | BL33: =IF(AT33="통상",0,VLOOKUP(AD33,'[2]스케줄 분석_20260109'!$B$3:$P$20,11,FALSE)) -> 0 | BM33: =IF(OR(AT33="통상",AT33="스케줄_파라"),ROUNDUP(BI33*BK33*1.5,-2),IF(OR(AT33="스케줄",AT33="휴직_스케줄"),ROUNDUP(BI33*BK33*0.5,-2),"확인바람")) -> 476200 | BN33: =ROUNDUP(BI33*BL33*0.5,-2) -> 0 | BO33: 200000 | BP33: =IF(OR(AT33="스케줄",AT33="스케줄_파라"),ROUNDUP(VLOOKUP(AD33,'[2]스케줄 분석_20260109'!$B$3:$Y$20,23,FALSE)*(VLOOKUP(AD33,'[2]스케줄 분석_20260109'!$B$3:$Y$20,21,FALSE)/VLOOKUP(AD33,'[2]스케줄 분석_20260109'!$B$3:$Y$20,20,FALSE))*VLOOKUP(AD33,'[2]스케줄 분석_20260109'!$B$3:$Y$20,22,FALSE)*VLOOKUP(AD33,'[2]스케줄 분석_20260109'!$B$3:$Y$20,2,FALSE)*1.5*BI33,0),0) -> 0 | BQ33: =IF(BI33>=$D$1,"적합","미달") -> 적합 | BS33: =IF(AT33="통상",BI33*8*5,IF(OR(AT33="스케줄",AT33="스케줄_파라"),BI33*100,"확인")) -> 846468.8 | BT33: =BG33+BS33/12 -> 4969539.1 | BU33: =(BF33-BO33*12)*0.0475 -> 2678430 | BV33: =(BF33-BO33*12)*0.036+(BF33-BO33*12)*0.036*0.1314 -> 2296705.8 | BW33: =(BF33-BO33*12)*(0.009+0.0065) -> 874014 | BX33: =(BF33-BO33*12)*0.0066 -> 372160.8 | BY33: =CB33/AY33 -> 6123750 | BZ33: =SUM(BF33,BS33:BT33) -> 64604008 | CA33: =SUM(BU33:BX33) -> 6221310.6 | CB33: =BF33*1.25 -> 73485000 | CC33: =AZ33-CB33-BP33*1.21 -> 2163000 | CD33: =IFERROR((CC33/AZ33)*100,0) -> 2.8592957
A34: =ROW()-3 -> 31 | B34: Yes | C34: 2014046 | D34: 이용재 M, 김현수 M | E34: 최재유(임명:임영준) | F34: 임영준 | G34: 부장 | H34: 중급상 | I34: 중급기술자 | J34: 하도급(FTE) | K34: 네트워크엔지니어 | M34: 02-829-2425 | N34: 010-9009-9201 | O34: netsky88@cnthoth.com | P34: 771126-1 | Q34: 35947 | R34: 40634 | S34: 41640 | T34: 호서전산전문학교 | V34: 전문대졸 | W34: 전자계산기산업기사 | X34: 정보기기운용기능사 | Z34: =IF(Q34<>"",$A$1-Q34,"") -> 10214 | AA34: =$A$1-R34 -> 5527 | AD34: SKT_보라매 7F | AE34: 서울특별시 | AF34: 2. Network Service | AG34: 2. Network Service | AH34: SK AX | AI34: SKT(보라매) | AJ34: 임영준 | AK34: 08708 | AL34: 서울시 관악구 보라매로5길 1 SK텔레콤빌딩 7F (봉천동) | AM34: 03964 | AN34: 서울특별시 마포구 망원로7길 19-12, 301호 (망원동, 펠리스빌) | AO34: Network Service팀 | AP34: SK공통 N/W 운영 | AQ34: N/W 모니터링 및 장애처리 | AS34: 고객사 공통 / 2026년_인프라운영_HC11_1분기(4500303149-01) | AT34: 통상 | AU34: 정직원 | AV34: 씨앤토트플러스㈜ | AW34: 5999000 | AX34: 5999000 | AY34: 12 | AZ34: =AX34*AY34 -> 71988000 | BC34: 45839 | BD34: 51168000 | BE34: 53376000 | BF34: =BG34*12 -> 53376000 | BG34: =BH34+BM34+BN34+BO34 -> 4448000 | BH34: 3815600 | BI34: =ROUND((BH34+BO34)/BJ34,2) -> 19213.4 | BJ34: =IF(AT34="통상",209,VLOOKUP(AD34,'[2]스케줄 분석_20260109'!$B$3:$F$20,5,FALSE)) -> 209 | BK34: =IF(AT34="통상",15,VLOOKUP(AD34,'[2]스케줄 분석_20260109'!$B$3:$P$20,10,FALSE)) -> 15 | BL34: =IF(AT34="통상",0,VLOOKUP(AD34,'[2]스케줄 분석_20260109'!$B$3:$P$20,11,FALSE)) -> 0 | BM34: =IF(OR(AT34="통상",AT34="스케줄_파라"),ROUNDUP(BI34*BK34*1.5,-2),IF(OR(AT34="스케줄",AT34="휴직_스케줄"),ROUNDUP(BI34*BK34*0.5,-2),"확인바람")) -> 432400 | BN34: =ROUNDUP(BI34*BL34*0.5,-2) -> 0 | BO34: 200000 | BP34: =IF(OR(AT34="스케줄",AT34="스케줄_파라"),ROUNDUP(VLOOKUP(AD34,'[2]스케줄 분석_20260109'!$B$3:$Y$20,23,FALSE)*(VLOOKUP(AD34,'[2]스케줄 분석_20260109'!$B$3:$Y$20,21,FALSE)/VLOOKUP(AD34,'[2]스케줄 분석_20260109'!$B$3:$Y$20,20,FALSE))*VLOOKUP(AD34,'[2]스케줄 분석_20260109'!$B$3:$Y$20,22,FALSE)*VLOOKUP(AD34,'[2]스케줄 분석_20260109'!$B$3:$Y$20,2,FALSE)*1.5*BI34,0),0) -> 0 | BQ34: =IF(BI34>=$D$1,"적합","미달") -> 적합 | BS34: =IF(AT34="통상",BI34*8*5,IF(OR(AT34="스케줄",AT34="스케줄_파라"),BI34*100,"확인")) -> 768536 | BT34: =BG34+BS34/12 -> 4512044.7 | BU34: =(BF34-BO34*12)*0.0475 -> 2421360 | BV34: =(BF34-BO34*12)*0.036+(BF34-BO34*12)*0.036*0.1314 -> 2076272.9 | BW34: =(BF34-BO34*12)*(0.009+0.0065) -> 790128 | BX34: =(BF34-BO34*12)*0.0066 -> 336441.6 | BY34: =CB34/AY34 -> 5560000 | BZ34: =SUM(BF34,BS34:BT34) -> 58656581 | CA34: =SUM(BU34:BX34) -> 5624202.5 | CB34: =BF34*1.25 -> 66720000 | CC34: =AZ34-CB34-BP34*1.21 -> 5268000 | CD34: =IFERROR((CC34/AZ34)*100,0) -> 7.3178863
A35: =ROW()-3 -> 32 | B35: Yes | C35: 2014047 | D35: 이용재 M, 김현수 M | E35: 최재유(임명:강윤식) | F35: 강윤식 | G35: 부장 | H35: 중급상 | I35: 중급기술자 | J35: 하도급(FTE) | K35: 네트워크엔지니어 | M35: 02-6400-7009 | N35: 010-9055-0358 | O35: lokang@cnthoth.com | P35: 711023-1 | Q35: 35065 | R35: 40634 | S35: 41640 | T35: 인하대학 | V35: 전문대졸 | Z35: =IF(Q35<>"",$A$1-Q35,"") -> 11096 | AA35: =$A$1-R35 -> 5527 | AD35: 판교NOC | AE35: 경기도 | AF35: 2. Network Service | AG35: 2. Network Service | AH35: SK AX | AI35: SK그룹사(공통) | AJ35: 최재유 | AK35: 13486 | AL35: 경기도 성남시 분당구 판교로 255번길 46 SK C&C 판교캠퍼스 A동 4층 | AM35: 10518 | AN35: 경기도 고양시 덕양구 충장로118-30, 226동 1505호 (행신동, 샘터마을2단지아파트) | AO35: Network Service팀 | AP35: SK공통 N/W 운영 | AQ35: N/W 모니터링 및 장애처리 | AR35: / 관제 운영 | AS35: 고객사 공통 / 2026년_인프라운영_HC11_1분기(4500303149-01) | AT35: 통상 | AU35: 정직원 | AV35: 씨앤토트플러스㈜ | AW35: 6304000 | AX35: 6304000 | AY35: 12 | AZ35: =AX35*AY35 -> 75648000 | BC35: 45839 | BD35: 57024000 | BE35: 58224000 | BF35: =BG35*12 -> 58224000 | BG35: =BH35+BM35+BN35+BO35 -> 4852000 | BH35: 4180400 | BI35: =ROUND((BH35+BO35)/BJ35,2) -> 20958.85 | BJ35: =IF(AT35="통상",209,VLOOKUP(AD35,'[2]스케줄 분석_20260109'!$B$3:$F$20,5,FALSE)) -> 209 | BK35: =IF(AT35="통상",15,VLOOKUP(AD35,'[2]스케줄 분석_20260109'!$B$3:$P$20,10,FALSE)) -> 15 | BL35: =IF(AT35="통상",0,VLOOKUP(AD35,'[2]스케줄 분석_20260109'!$B$3:$P$20,11,FALSE)) -> 0 | BM35: =IF(OR(AT35="통상",AT35="스케줄_파라"),ROUNDUP(BI35*BK35*1.5,-2),IF(OR(AT35="스케줄",AT35="휴직_스케줄"),ROUNDUP(BI35*BK35*0.5,-2),"확인바람")) -> 471600 | BN35: =ROUNDUP(BI35*BL35*0.5,-2) -> 0 | BO35: 200000 | BP35: =IF(OR(AT35="스케줄",AT35="스케줄_파라"),ROUNDUP(VLOOKUP(AD35,'[2]스케줄 분석_20260109'!$B$3:$Y$20,23,FALSE)*(VLOOKUP(AD35,'[2]스케줄 분석_20260109'!$B$3:$Y$20,21,FALSE)/VLOOKUP(AD35,'[2]스케줄 분석_20260109'!$B$3:$Y$20,20,FALSE))*VLOOKUP(AD35,'[2]스케줄 분석_20260109'!$B$3:$Y$20,22,FALSE)*VLOOKUP(AD35,'[2]스케줄 분석_20260109'!$B$3:$Y$20,2,FALSE)*1.5*BI35,0),0) -> 0 | BQ35: =IF(BI35>=$D$1,"적합","미달") -> 적합 | BS35: =IF(AT35="통상",BI35*8*5,IF(OR(AT35="스케줄",AT35="스케줄_파라"),BI35*100,"확인")) -> 838354 | BT35: =BG35+BS35/12 -> 4921862.8 | BU35: =(BF35-BO35*12)*0.0475 -> 2651640 | BV35: =(BF35-BO35*12)*0.036+(BF35-BO35*12)*0.036*0.1314 -> 2273733.8 | BW35: =(BF35-BO35*12)*(0.009+0.0065) -> 865272 | BX35: =(BF35-BO35*12)*0.0066 -> 368438.4 | BY35: =CB35/AY35 -> 6065000 | BZ35: =SUM(BF35,BS35:BT35) -> 63984217 | CA35: =SUM(BU35:BX35) -> 6159084.2 | CB35: =BF35*1.25 -> 72780000 | CC35: =AZ35-CB35-BP35*1.21 -> 2868000 | CD35: =IFERROR((CC35/AZ35)*100,0) -> 3.7912437
A36: =ROW()-3 -> 33 | B36: Yes | C36: 2014048 | D36: 김태형 M | E36: 최재유(임명:유재현) | F36: 유재현 | G36: 부장 | H36: 중급상 | I36: 중급기술자 | J36: 하도급(FTE) | K36: 네트워크보안엔지니어 | M36: 02-6400-6090 | N36: 010-6671-4145 | O36: apospace@cnthoth.com | P36: 760316-1 | Q36: 37846 | R36: 40634 | S36: 41640 | T36: 한양대(안산) | V36: 대졸 | Z36: =IF(Q36<>"",$A$1-Q36,"") -> 8315 | AA36: =$A$1-R36 -> 5527 | AD36: SK AX A동 1F_판교 | AE36: 경기도 | AF36: 2. Network Service | AG36: 2. Network Service | AH36: SK AX | AI36: SK그룹사(공통) | AJ36: 최재유 | AK36: 13486 | AL36: 경기도 성남시 분당구 판교로 255번길 46 SK C&C 판교캠퍼스 A동 4층 | AM36: 14092 | AN36: 경기도 시흥시 서해안로 1645, 112동 1104호 (대야동, 대야역 두산위브 더파크) | AO36: Network Service팀 | AP36: SK공통 N/W 보안 운영 | AQ36: N/W 보안 운영 | AR36: / 방화벽 운영 | AS36: 고객사 공통 / 2026년_인프라운영_HC11_1분기(4500303149-01) | AT36: 통상 | AU36: 정직원 | AV36: 씨앤토트플러스㈜ | AW36: 5790000 | AX36: 5790000 | AY36: 12 | AZ36: =AX36*AY36 -> 69480000 | BC36: 45839 | BD36: 49488000 | BE36: 50580000 | BF36: =BG36*12 -> 50580000 | BG36: =BH36+BM36+BN36+BO36 -> 4215000 | BH36: 3605300 | BI36: =ROUND((BH36+BO36)/BJ36,2) -> 18207.18 | BJ36: =IF(AT36="통상",209,VLOOKUP(AD36,'[2]스케줄 분석_20260109'!$B$3:$F$20,5,FALSE)) -> 209 | BK36: =IF(AT36="통상",15,VLOOKUP(AD36,'[2]스케줄 분석_20260109'!$B$3:$P$20,10,FALSE)) -> 15 | BL36: =IF(AT36="통상",0,VLOOKUP(AD36,'[2]스케줄 분석_20260109'!$B$3:$P$20,11,FALSE)) -> 0 | BM36: =IF(OR(AT36="통상",AT36="스케줄_파라"),ROUNDUP(BI36*BK36*1.5,-2),IF(OR(AT36="스케줄",AT36="휴직_스케줄"),ROUNDUP(BI36*BK36*0.5,-2),"확인바람")) -> 409700 | BN36: =ROUNDUP(BI36*BL36*0.5,-2) -> 0 | BO36: 200000 | BP36: =IF(OR(AT36="스케줄",AT36="스케줄_파라"),ROUNDUP(VLOOKUP(AD36,'[2]스케줄 분석_20260109'!$B$3:$Y$20,23,FALSE)*(VLOOKUP(AD36,'[2]스케줄 분석_20260109'!$B$3:$Y$20,21,FALSE)/VLOOKUP(AD36,'[2]스케줄 분석_20260109'!$B$3:$Y$20,20,FALSE))*VLOOKUP(AD36,'[2]스케줄 분석_20260109'!$B$3:$Y$20,22,FALSE)*VLOOKUP(AD36,'[2]스케줄 분석_20260109'!$B$3:$Y$20,2,FALSE)*1.5*BI36,0),0) -> 0 | BQ36: =IF(BI36>=$D$1,"적합","미달") -> 적합 | BS36: =IF(AT36="통상",BI36*8*5,IF(OR(AT36="스케줄",AT36="스케줄_파라"),BI36*100,"확인")) -> 728287.2 | BT36: =BG36+BS36/12 -> 4275690.6 | BU36: =(BF36-BO36*12)*0.0475 -> 2288550 | BV36: =(BF36-BO36*12)*0.036+(BF36-BO36*12)*0.036*0.1314 -> 1962390.7 | BW36: =(BF36-BO36*12)*(0.009+0.0065) -> 746790 | BX36: =(BF36-BO36*12)*0.0066 -> 317988 | BY36: =CB36/AY36 -> 5268750 | BZ36: =SUM(BF36,BS36:BT36) -> 55583978 | CA36: =SUM(BU36:BX36) -> 5315718.7 | CB36: =BF36*1.25 -> 63225000 | CC36: =AZ36-CB36-BP36*1.21 -> 6255000 | CD36: =IFERROR((CC36/AZ36)*100,0) -> 9.0025907
A37: =ROW()-3 -> 34 | B37: Yes | C37: 2014049 | D37: 김현수 M | E37: 최재유(임명:강윤식) | F37: 이승열 | G37: 부장 | H37: 중급상 | I37: 중급기술자 | J37: 하도급(FTE) | K37: 네트워크엔지니어 | M37: 02-6400-7021 | N37: 010-3772-7380 | O37: july30@cnthoth.com | P37: 700730-1 | Q37: 35339 | R37: 40634 | S37: 41640 | T37: 숭실전자계산원 | V37: 전문대졸 | Z37: =IF(Q37<>"",$A$1-Q37,"") -> 10822 | AA37: =$A$1-R37 -> 5527 | AD37: 내외빌딩_을지로 | AE37: 서울특별시 | AF37: 2. Network Service | AG37: 2. Network Service | AH37: SK AX | AI37: SK그룹사(공통) | AJ37: 최재유 | AK37: 04539 | AL37: 서울특별시 중구 을지로2가 6, 14층 (을지로2가, 내외빌딩) | AM37: 10872 | AN37: 경기도 파주시 교하로 70, 308동 2403호 (목동동, 산내마을3단지아파트) | AO37: Network Service팀 | AP37: SK공통 N/W 운영 | AQ37: N/W 회선 관리 | AS37: 고객사 공통 / 2026년_인프라운영_HC11_1분기(4500303149-01) | AT37: 통상 | AU37: 정직원 | AV37: 씨앤토트플러스㈜ | AW37: 5571000 | AX37: 5571000 | AY37: 12 | AZ37: =AX37*AY37 -> 66852000 | BC37: 45839 | BD37: 47604000 | BE37: 49668000 | BF37: =BG37*12 -> 49668000 | BG37: =BH37+BM37+BN37+BO37 -> 4139000 | BH37: 3536700 | BI37: =ROUND((BH37+BO37)/BJ37,2) -> 17878.95 | BJ37: =IF(AT37="통상",209,VLOOKUP(AD37,'[2]스케줄 분석_20260109'!$B$3:$F$20,5,FALSE)) -> 209 | BK37: =IF(AT37="통상",15,VLOOKUP(AD37,'[2]스케줄 분석_20260109'!$B$3:$P$20,10,FALSE)) -> 15 | BL37: =IF(AT37="통상",0,VLOOKUP(AD37,'[2]스케줄 분석_20260109'!$B$3:$P$20,11,FALSE)) -> 0 | BM37: =IF(OR(AT37="통상",AT37="스케줄_파라"),ROUNDUP(BI37*BK37*1.5,-2),IF(OR(AT37="스케줄",AT37="휴직_스케줄"),ROUNDUP(BI37*BK37*0.5,-2),"확인바람")) -> 402300 | BN37: =ROUNDUP(BI37*BL37*0.5,-2) -> 0 | BO37: 200000 | BP37: =IF(OR(AT37="스케줄",AT37="스케줄_파라"),ROUNDUP(VLOOKUP(AD37,'[2]스케줄 분석_20260109'!$B$3:$Y$20,23,FALSE)*(VLOOKUP(AD37,'[2]스케줄 분석_20260109'!$B$3:$Y$20,21,FALSE)/VLOOKUP(AD37,'[2]스케줄 분석_20260109'!$B$3:$Y$20,20,FALSE))*VLOOKUP(AD37,'[2]스케줄 분석_20260109'!$B$3:$Y$20,22,FALSE)*VLOOKUP(AD37,'[2]스케줄 분석_20260109'!$B$3:$Y$20,2,FALSE)*1.5*BI37,0),0) -> 0 | BQ37: =IF(BI37>=$D$1,"적합","미달") -> 적합 | BS37: =IF(AT37="통상",BI37*8*5,IF(OR(AT37="스케줄",AT37="스케줄_파라"),BI37*100,"확인")) -> 715158 | BT37: =BG37+BS37/12 -> 4198596.5 | BU37: =(BF37-BO37*12)*0.0475 -> 2245230 | BV37: =(BF37-BO37*12)*0.036+(BF37-BO37*12)*0.036*0.1314 -> 1925244.5 | BW37: =(BF37-BO37*12)*(0.009+0.0065) -> 732654 | BX37: =(BF37-BO37*12)*0.0066 -> 311968.8 | BY37: =CB37/AY37 -> 5173750 | BZ37: =SUM(BF37,BS37:BT37) -> 54581754 | CA37: =SUM(BU37:BX37) -> 5215097.3 | CB37: =BF37*1.25 -> 62085000 | CC37: =AZ37-CB37-BP37*1.21 -> 4767000 | CD37: =IFERROR((CC37/AZ37)*100,0) -> 7.1306767
A38: =ROW()-3 -> 35 | B38: Yes | C38: 2014055 | D38: 이성전 위원 | E38: 박규성(임명:박정길) | F38: 박정길 | G38: 부장 | H38: 중급하 | I38: 중급기술자 | J38: 하도급(M/M) | K38: 네트워크보안엔지니어 | M38: 02-6266-4237 | N38: 010-8216-5057 | O38: bardbard@cnthoth.com | P38: 750617-1 | Q38: 36192 | R38: 41000 | S38: 41640 | T38: 부천대학 | V38: 전문대졸 | Z38: =IF(Q38<>"",$A$1-Q38,"") -> 9969 | AA38: =$A$1-R38 -> 5161 | AD38: SKB 7층_동작 | AE38: 서울특별시 | AF38: 4. SKB/SK하이닉스 Infra 운영 | AG38: 4. SKB/SK하이닉스 Infra 운영 | AH38: SK AX | AI38: SKB(동작) | AJ38: 박규성 | AK38: 07063 | AL38: 서울시 동작구 여의대방로 74 (신대방동) SK브로드밴드 7층 | AM38: 21962 | AN38: 인천광역시 연수구 청능말로 8번길 13, 402호 (청학동, 대심주택) | AO38: ICT Cloud팀 | AP38: SKB N/W 운영 | AQ38: NAC, 무선, 서버 운영 | AR38: / L3, L4, 방화벽 운영 | AS38: 에스케이브로드밴드(주) / SKB 26년 IT장비 및 소프트웨어 유지보수_1분기(4500302989-01) | AT38: 통상 | AU38: 정직원 | AV38: 씨앤토트플러스㈜ | AW38: 4809000 | AX38: 4809000 | AY38: 12 | AZ38: =AX38*AY38 -> 57708000 | BC38: 45839 | BD38: 45000000 | BE38: 45912000 | BF38: =BG38*12 -> 45912000 | BG38: =BH38+BM38+BN38+BO38 -> 3826000 | BH38: 3254100 | BI38: =ROUND((BH38+BO38)/BJ38,2) -> 16526.79 | BJ38: =IF(AT38="통상",209,VLOOKUP(AD38,'[2]스케줄 분석_20260109'!$B$3:$F$20,5,FALSE)) -> 209 | BK38: =IF(AT38="통상",15,VLOOKUP(AD38,'[2]스케줄 분석_20260109'!$B$3:$P$20,10,FALSE)) -> 15 | BL38: =IF(AT38="통상",0,VLOOKUP(AD38,'[2]스케줄 분석_20260109'!$B$3:$P$20,11,FALSE)) -> 0 | BM38: =IF(OR(AT38="통상",AT38="스케줄_파라"),ROUNDUP(BI38*BK38*1.5,-2),IF(OR(AT38="스케줄",AT38="휴직_스케줄"),ROUNDUP(BI38*BK38*0.5,-2),"확인바람")) -> 371900 | BN38: =ROUNDUP(BI38*BL38*0.5,-2) -> 0 | BO38: 200000 | BP38: =IF(OR(AT38="스케줄",AT38="스케줄_파라"),ROUNDUP(VLOOKUP(AD38,'[2]스케줄 분석_20260109'!$B$3:$Y$20,23,FALSE)*(VLOOKUP(AD38,'[2]스케줄 분석_20260109'!$B$3:$Y$20,21,FALSE)/VLOOKUP(AD38,'[2]스케줄 분석_20260109'!$B$3:$Y$20,20,FALSE))*VLOOKUP(AD38,'[2]스케줄 분석_20260109'!$B$3:$Y$20,22,FALSE)*VLOOKUP(AD38,'[2]스케줄 분석_20260109'!$B$3:$Y$20,2,FALSE)*1.5*BI38,0),0) -> 0 | BQ38: =IF(BI38>=$D$1,"적합","미달") -> 적합 | BS38: =IF(AT38="통상",BI38*8*5,IF(OR(AT38="스케줄",AT38="스케줄_파라"),BI38*100,"확인")) -> 661071.6 | BT38: =BG38+BS38/12 -> 3881089.3 | BU38: =(BF38-BO38*12)*0.0475 -> 2066820 | BV38: =(BF38-BO38*12)*0.036+(BF38-BO38*12)*0.036*0.1314 -> 1772261.2 | BW38: =(BF38-BO38*12)*(0.009+0.0065) -> 674436 | BX38: =(BF38-BO38*12)*0.0066 -> 287179.2 | BY38: =CB38/AY38 -> 4782500 | BZ38: =SUM(BF38,BS38:BT38) -> 50454161 | CA38: =SUM(BU38:BX38) -> 4800696.4 | CB38: =BF38*1.25 -> 57390000 | CC38: =AZ38-CB38-BP38*1.21 -> 318000 | CD38: =IFERROR((CC38/AZ38)*100,0) -> 0.55105011
A39: =ROW()-3 -> 36 | B39: Yes | C39: 2014056 | D39: 이성전 위원 | E39: 박규성(임명:정재욱) | F39: 정재욱 | G39: 부장 | H39: 초급상 | I39: 초급기술자 | J39: 하도급(M/M) | K39: 네트워크엔지니어 | M39: 042-340-2451 | N39: 010-6406-6586 | O39: peridot1140@cnthoth.com | P39: 720718-1 | Q39: 37530 | R39: 41000 | S39: 41640 | T39: 배재대학교 | V39: 대졸 | W39: CISSP | X39: 정보통신기술사(초급) | Z39: =IF(Q39<>"",$A$1-Q39,"") -> 8631 | AA39: =$A$1-R39 -> 5161 | AD39: SKB 3F_대전 | AE39: 대전광역시 | AF39: 4. SKB/SK하이닉스 Infra 운영 | AG39: 4. SKB/SK하이닉스 Infra 운영 | AH39: SK AX | AI39: SKB(대전) | AJ39: 박규성 | AK39: 35234 | AL39: 대전광역시 서구 둔산로62 SK브로드밴드 3층 | AM39: 35206 | AN39: 대전광역시 서구 청사로 282, 10동 1305호 (둔산동, 수정타운) | AO39: ICT Cloud팀 | AP39: SKB N/W 운영 | AQ39: 대전 지역 N/W 운영 | AS39: 에스케이브로드밴드(주) / SKB 26년 IT장비 및 소프트웨어 유지보수_1분기(4500302989-01) | AT39: 통상 | AU39: 정직원 | AV39: 씨앤토트플러스㈜ | AW39: 4417000 | AX39: 4417000 | AY39: 12 | AZ39: =AX39*AY39 -> 53004000 | BC39: 45839 | BD39: 38808000 | BE39: 39636000 | BF39: =BG39*12 -> 39636000 | BG39: =BH39+BM39+BN39+BO39 -> 3303000 | BH39: 2781900 | BI39: =ROUND((BH39+BO39)/BJ39,2) -> 14267.46 | BJ39: =IF(AT39="통상",209,VLOOKUP(AD39,'[2]스케줄 분석_20260109'!$B$3:$F$20,5,FALSE)) -> 209 | BK39: =IF(AT39="통상",15,VLOOKUP(AD39,'[2]스케줄 분석_20260109'!$B$3:$P$20,10,FALSE)) -> 15 | BL39: =IF(AT39="통상",0,VLOOKUP(AD39,'[2]스케줄 분석_20260109'!$B$3:$P$20,11,FALSE)) -> 0 | BM39: =IF(OR(AT39="통상",AT39="스케줄_파라"),ROUNDUP(BI39*BK39*1.5,-2),IF(OR(AT39="스케줄",AT39="휴직_스케줄"),ROUNDUP(BI39*BK39*0.5,-2),"확인바람")) -> 321100 | BN39: =ROUNDUP(BI39*BL39*0.5,-2) -> 0 | BO39: 200000 | BP39: =IF(OR(AT39="스케줄",AT39="스케줄_파라"),ROUNDUP(VLOOKUP(AD39,'[2]스케줄 분석_20260109'!$B$3:$Y$20,23,FALSE)*(VLOOKUP(AD39,'[2]스케줄 분석_20260109'!$B$3:$Y$20,21,FALSE)/VLOOKUP(AD39,'[2]스케줄 분석_20260109'!$B$3:$Y$20,20,FALSE))*VLOOKUP(AD39,'[2]스케줄 분석_20260109'!$B$3:$Y$20,22,FALSE)*VLOOKUP(AD39,'[2]스케줄 분석_20260109'!$B$3:$Y$20,2,FALSE)*1.5*BI39,0),0) -> 0 | BQ39: =IF(BI39>=$D$1,"적합","미달") -> 적합 | BS39: =IF(AT39="통상",BI39*8*5,IF(OR(AT39="스케줄",AT39="스케줄_파라"),BI39*100,"확인")) -> 570698.4 | BT39: =BG39+BS39/12 -> 3350558.2 | BU39: =(BF39-BO39*12)*0.0475 -> 1768710 | BV39: =(BF39-BO39*12)*0.036+(BF39-BO39*12)*0.036*0.1314 -> 1516637.2 | BW39: =(BF39-BO39*12)*(0.009+0.0065) -> 577158 | BX39: =(BF39-BO39*12)*0.0066 -> 245757.6 | BY39: =CB39/AY39 -> 4128750 | BZ39: =SUM(BF39,BS39:BT39) -> 43557257 | CA39: =SUM(BU39:BX39) -> 4108262.8 | CB39: =BF39*1.25 -> 49545000 | CC39: =AZ39-CB39-BP39*1.21 -> 3459000 | CD39: =IFERROR((CC39/AZ39)*100,0) -> 6.5259226
A40: =ROW()-3 -> 37 | B40: Yes | C40: 2014057 | D40: 김태형 M | E40: 임정재 | F40: 최종원 | G40: 부장 | H40: 중급상 | I40: 중급기술자 | J40: 하도급(FTE) | K40: 네트워크엔지니어 | M40: 02-6100-0343 | N40: 010-4108-2333 | O40: choice1975@cnthoth.com | P40: 750719-1 | Q40: 37469 | R40: 41000 | S40: 41640 | T40: 서울디지털대학교 | U40: 상담심리학과 | V40: 대졸 | W40: ITIL Foundation V3 | Z40: =IF(Q40<>"",$A$1-Q40,"") -> 8692 | AA40: =$A$1-R40 -> 5161 | AD40: SKT_을지로 | AE40: 서울특별시 | AF40: 1. Infra 운영 | AG40: 1. Infra 운영 | AH40: SK AX | AI40: SKT_T타워(을지로) | AJ40: 임정재 | AK40: 04539 | AL40: 서울시 중구 을지로 65 (을지로2가) SK텔레콤빌딩 9층 ICT기술원 인프라Tech.Lab | AM40: 04161 | AN40: 서울특별시 마포구 토정로31길 23, 109동 901호 (용강동, 래미안 마포 리버웰) | AO40: CloudInfraGovernance | AP40: 인프라 자산관리 | AQ40: N/W 운영 및 자산 관리 | AS40: 고객사 공통 / 2026년_인프라운영_HC13_1분기(4500302965-01) | AT40: 통상 | AU40: 정직원 | AV40: 씨앤토트플러스㈜ | AW40: 6864000 | AX40: 6864000 | AY40: 12 | AZ40: =AX40*AY40 -> 82368000 | BC40: 45839 | BD40: 56604000 | BE40: 57804000 | BF40: =BG40*12 -> 57804000 | BG40: =BH40+BM40+BN40+BO40 -> 4817000 | BH40: 4148800 | BI40: =ROUND((BH40+BO40)/BJ40,2) -> 20807.66 | BJ40: =IF(AT40="통상",209,VLOOKUP(AD40,'[2]스케줄 분석_20260109'!$B$3:$F$20,5,FALSE)) -> 209 | BK40: =IF(AT40="통상",15,VLOOKUP(AD40,'[2]스케줄 분석_20260109'!$B$3:$P$20,10,FALSE)) -> 15 | BL40: =IF(AT40="통상",0,VLOOKUP(AD40,'[2]스케줄 분석_20260109'!$B$3:$P$20,11,FALSE)) -> 0 | BM40: =IF(OR(AT40="통상",AT40="스케줄_파라"),ROUNDUP(BI40*BK40*1.5,-2),IF(OR(AT40="스케줄",AT40="휴직_스케줄"),ROUNDUP(BI40*BK40*0.5,-2),"확인바람")) -> 468200 | BN40: =ROUNDUP(BI40*BL40*0.5,-2) -> 0 | BO40: 200000 | BP40: =IF(OR(AT40="스케줄",AT40="스케줄_파라"),ROUNDUP(VLOOKUP(AD40,'[2]스케줄 분석_20260109'!$B$3:$Y$20,23,FALSE)*(VLOOKUP(AD40,'[2]스케줄 분석_20260109'!$B$3:$Y$20,21,FALSE)/VLOOKUP(AD40,'[2]스케줄 분석_20260109'!$B$3:$Y$20,20,FALSE))*VLOOKUP(AD40,'[2]스케줄 분석_20260109'!$B$3:$Y$20,22,FALSE)*VLOOKUP(AD40,'[2]스케줄 분석_20260109'!$B$3:$Y$20,2,FALSE)*1.5*BI40,0),0) -> 0 | BQ40: =IF(BI40>=$D$1,"적합","미달") -> 적합 | BS40: =IF(AT40="통상",BI40*8*5,IF(OR(AT40="스케줄",AT40="스케줄_파라"),BI40*100,"확인")) -> 832306.4 | BT40: =BG40+BS40/12 -> 4886358.9 | BU40: =(BF40-BO40*12)*0.0475 -> 2631690 | BV40: =(BF40-BO40*12)*0.036+(BF40-BO40*12)*0.036*0.1314 -> 2256627.1 | BW40: =(BF40-BO40*12)*(0.009+0.0065) -> 858762 | BX40: =(BF40-BO40*12)*0.0066 -> 365666.4 | BY40: =CB40/AY40 -> 6021250 | BZ40: =SUM(BF40,BS40:BT40) -> 63522665 | CA40: =SUM(BU40:BX40) -> 6112745.5 | CB40: =BF40*1.25 -> 72255000 | CC40: =AZ40-CB40-BP40*1.21 -> 10113000 | CD40: =IFERROR((CC40/AZ40)*100,0) -> 12.277826
A41: =ROW()-3 -> 38 | B41: Yes | C41: 2014059 | D41: 이성전 위원 | E41: 박규성(임명:김용균) | F41: 김용균 | G41: 부장 | H41: 고급상 | I41: 고급기술자 | J41: 하도급(M/M) | K41: 서버엔지니어 | M41: 02-6266-2486 | N41: 010-3234-4863 | O41: ca530531@cnthoth.com | P41: 730422-1 | Q41: 36526 | R41: 41030 | S41: 41640 | T41: 서울특별시립대학교 | V41: 대졸 | W41: 정보처리기사 | X41: HPASE | Z41: =IF(Q41<>"",$A$1-Q41,"") -> 9635 | AA41: =$A$1-R41 -> 5131 | AD41: SKB 7층_동작 | AE41: 서울특별시 | AF41: 4. SKB/SK하이닉스 Infra 운영 | AG41: 4. SKB/SK하이닉스 Infra 운영 | AH41: SK AX | AI41: SKB(동작) | AJ41: 박규성 | AK41: 07063 | AL41: 서울시 동작구 여의대방로 74 (신대방동) SK브로드밴드 7층 | AM41: 16493 | AN41: 경기도 수원시 팔달구 권광로373, 104동2001호 (우만동, 월드메르디앙아파트) | AO41: ICT Cloud팀 | AP41: SKB 서버 운영 | AQ41: Unix 서버 운영 | AR41: / Linux 서버 운영 | AS41: 에스케이브로드밴드(주) / SKB 26년 IT장비 및 소프트웨어 유지보수_1분기(4500302989-01) | AT41: 통상 | AU41: 정직원 | AV41: 씨앤토트플러스㈜ | AW41: 7186000 | AX41: 7186000 | AY41: 12 | AZ41: =AX41*AY41 -> 86232000 | BC41: 45839 | BD41: 59460000 | BE41: 60780000 | BF41: =BG41*12 -> 60780000 | BG41: =BH41+BM41+BN41+BO41 -> 5065000 | BH41: 4372700 | BI41: =ROUND((BH41+BO41)/BJ41,2) -> 21878.95 | BJ41: =IF(AT41="통상",209,VLOOKUP(AD41,'[2]스케줄 분석_20260109'!$B$3:$F$20,5,FALSE)) -> 209 | BK41: =IF(AT41="통상",15,VLOOKUP(AD41,'[2]스케줄 분석_20260109'!$B$3:$P$20,10,FALSE)) -> 15 | BL41: =IF(AT41="통상",0,VLOOKUP(AD41,'[2]스케줄 분석_20260109'!$B$3:$P$20,11,FALSE)) -> 0 | BM41: =IF(OR(AT41="통상",AT41="스케줄_파라"),ROUNDUP(BI41*BK41*1.5,-2),IF(OR(AT41="스케줄",AT41="휴직_스케줄"),ROUNDUP(BI41*BK41*0.5,-2),"확인바람")) -> 492300 | BN41: =ROUNDUP(BI41*BL41*0.5,-2) -> 0 | BO41: 200000 | BP41: =IF(OR(AT41="스케줄",AT41="스케줄_파라"),ROUNDUP(VLOOKUP(AD41,'[2]스케줄 분석_20260109'!$B$3:$Y$20,23,FALSE)*(VLOOKUP(AD41,'[2]스케줄 분석_20260109'!$B$3:$Y$20,21,FALSE)/VLOOKUP(AD41,'[2]스케줄 분석_20260109'!$B$3:$Y$20,20,FALSE))*VLOOKUP(AD41,'[2]스케줄 분석_20260109'!$B$3:$Y$20,22,FALSE)*VLOOKUP(AD41,'[2]스케줄 분석_20260109'!$B$3:$Y$20,2,FALSE)*1.5*BI41,0),0) -> 0 | BQ41: =IF(BI41>=$D$1,"적합","미달") -> 적합 | BS41: =IF(AT41="통상",BI41*8*5,IF(OR(AT41="스케줄",AT41="스케줄_파라"),BI41*100,"확인")) -> 875158 | BT41: =BG41+BS41/12 -> 5137929.8 | BU41: =(BF41-BO41*12)*0.0475 -> 2773050 | BV41: =(BF41-BO41*12)*0.036+(BF41-BO41*12)*0.036*0.1314 -> 2377840.8 | BW41: =(BF41-BO41*12)*(0.009+0.0065) -> 904890 | BX41: =(BF41-BO41*12)*0.0066 -> 385308 | BY41: =CB41/AY41 -> 6331250 | BZ41: =SUM(BF41,BS41:BT41) -> 66793088 | CA41: =SUM(BU41:BX41) -> 6441088.8 | CB41: =BF41*1.25 -> 75975000 | CC41: =AZ41-CB41-BP41*1.21 -> 10257000 | CD41: =IFERROR((CC41/AZ41)*100,0) -> 11.894656
A42: =ROW()-3 -> 39 | B42: Yes | C42: 2014061 | D42: 김태형 M | E42: 김홍범(임명:최민순) | F42: 최민순 | G42: 부장 | H42: 중급상 | I42: 중급기술자 | J42: 하도급(FTE) | K42: 시스템엔지니어 | M42: 02-6400-6047 | N42: 010-3805-7350 | O42: jasmine07@cnthoth.com | P42: 780318-2 | Q42: 38078 | R42: 41153 | S42: 41640 | T42: 서울여자대학교 | V42: 대졸 | W42: 정보처리기사 | X42: 사무자동화산업기사 | Y42: CCNA | Z42: =IF(Q42<>"",$A$1-Q42,"") -> 8083 | AA42: =$A$1-R42 -> 5008 | AD42: 분당지웰푸르지오_수내 | AE42: 경기도 | AF42: 1. Infra 운영 | AG42: 1. Infra 운영 | AH42: SK AX | AI42: SK그룹사(공통) | AJ42: 김홍범 | AK42: 13594 | AL42: 경기도 성남시 분당구 수내로 39 분당지웰푸르지오아파트 오피스 6층 | AM42: 16884 | AN42: 경기도 용인시 처인구 모현면 충렬로8번길 47-4 (능원리, 삼화드림빌) 107동 301호 | AO42: CloudInfraGovernance | AP42: 자동화 관리 | AQ42: 자산관리 | AR42: / 장애 일반 관리 | AS42: 고객사 공통 / 2026년_인프라운영_HC13_1분기(4500302965-01) | AT42: 통상 | AU42: 정직원 | AV42: 씨앤토트플러스㈜ | AW42: 6021000 | AX42: 6021000 | AY42: 12 | AZ42: =AX42*AY42 -> 72252000 | BC42: 45839 | BD42: 49560000 | BE42: 50700000 | BF42: =BG42*12 -> 50700000 | BG42: =BH42+BM42+BN42+BO42 -> 4225000 | BH42: 3614300 | BI42: =ROUND((BH42+BO42)/BJ42,2) -> 18250.24 | BJ42: =IF(AT42="통상",209,VLOOKUP(AD42,'[2]스케줄 분석_20260109'!$B$3:$F$20,5,FALSE)) -> 209 | BK42: =IF(AT42="통상",15,VLOOKUP(AD42,'[2]스케줄 분석_20260109'!$B$3:$P$20,10,FALSE)) -> 15 | BL42: =IF(AT42="통상",0,VLOOKUP(AD42,'[2]스케줄 분석_20260109'!$B$3:$P$20,11,FALSE)) -> 0 | BM42: =IF(OR(AT42="통상",AT42="스케줄_파라"),ROUNDUP(BI42*BK42*1.5,-2),IF(OR(AT42="스케줄",AT42="휴직_스케줄"),ROUNDUP(BI42*BK42*0.5,-2),"확인바람")) -> 410700 | BN42: =ROUNDUP(BI42*BL42*0.5,-2) -> 0 | BO42: 200000 | BP42: =IF(OR(AT42="스케줄",AT42="스케줄_파라"),ROUNDUP(VLOOKUP(AD42,'[2]스케줄 분석_20260109'!$B$3:$Y$20,23,FALSE)*(VLOOKUP(AD42,'[2]스케줄 분석_20260109'!$B$3:$Y$20,21,FALSE)/VLOOKUP(AD42,'[2]스케줄 분석_20260109'!$B$3:$Y$20,20,FALSE))*VLOOKUP(AD42,'[2]스케줄 분석_20260109'!$B$3:$Y$20,22,FALSE)*VLOOKUP(AD42,'[2]스케줄 분석_20260109'!$B$3:$Y$20,2,FALSE)*1.5*BI42,0),0) -> 0 | BQ42: =IF(BI42>=$D$1,"적합","미달") -> 적합 | BS42: =IF(AT42="통상",BI42*8*5,IF(OR(AT42="스케줄",AT42="스케줄_파라"),BI42*100,"확인")) -> 730009.6 | BT42: =BG42+BS42/12 -> 4285834.1 | BU42: =(BF42-BO42*12)*0.0475 -> 2294250 | BV42: =(BF42-BO42*12)*0.036+(BF42-BO42*12)*0.036*0.1314 -> 1967278.3 | BW42: =(BF42-BO42*12)*(0.009+0.0065) -> 748650 | BX42: =(BF42-BO42*12)*0.0066 -> 318780 | BY42: =CB42/AY42 -> 5281250 | BZ42: =SUM(BF42,BS42:BT42) -> 55715844 | CA42: =SUM(BU42:BX42) -> 5328958.3 | CB42: =BF42*1.25 -> 63375000 | CC42: =AZ42-CB42-BP42*1.21 -> 8877000 | CD42: =IFERROR((CC42/AZ42)*100,0) -> 12.286165
A43: =ROW()-3 -> 40 | B43: Yes | C43: 2014062 | D43: 박귀진 M, 이범철 M | E43: 박경수 | F43: 박경수 | G43: 부장 | H43: 중급하 | I43: 중급기술자 | J43: 하도급(FTE) | K43: 서버엔지니어 | M43: 02-2049-5912 | N43: 010-9401-1799 | O43: floyd@cnthoth.com | P43: 731127-1 | Q43: 34820 | R43: 41153 | S43: 41640 | T43: 서울 명덕고등학교 | V43: 고졸 | Z43: =IF(Q43<>"",$A$1-Q43,"") -> 11341 | AA43: =$A$1-R43 -> 5008 | AD43: 워커힐호텔 본관 지하3층_광진 | AE43: 서울특별시 | AF43: 1. Infra 운영 | AG43: 1. Infra 운영 | AH43: SK AX | AI43: 워커힐(광장동) | AJ43: 개인 | AK43: 04963 | AL43: 서울시 광진구 워커힐로 177 쉐라톤 워커힐호텔 본관 지하3층 정보관리팀 | AM43: 07902 | AN43: 서울특별시 양천구 화곡로3가길 2-1, C동 302호 (신월동, 지오빌) | AO43: 제조/환경Cloud팀 | AP43: 워커힐 서버 운영 | AQ43: Unix 서버 운영 | AR43: / Linux 서버 운영 | AS43: 고객사 공통 / 2026년_인프라운영_HC22_01_1분기 (4500303129-01) | AT43: 통상 | AU43: 정직원 | AV43: 씨앤토트플러스㈜ | AW43: 5367000 | AX43: 5367000 | AY43: 12 | AZ43: =AX43*AY43 -> 64404000 | BC43: 45839 | BD43: 47604000 | BE43: 48612000 | BF43: =BG43*12 -> 48612000 | BG43: =BH43+BM43+BN43+BO43 -> 4051000 | BH43: 3457200 | BI43: =ROUND((BH43+BO43)/BJ43,2) -> 17498.56 | BJ43: =IF(AT43="통상",209,VLOOKUP(AD43,'[2]스케줄 분석_20260109'!$B$3:$F$20,5,FALSE)) -> 209 | BK43: =IF(AT43="통상",15,VLOOKUP(AD43,'[2]스케줄 분석_20260109'!$B$3:$P$20,10,FALSE)) -> 15 | BL43: =IF(AT43="통상",0,VLOOKUP(AD43,'[2]스케줄 분석_20260109'!$B$3:$P$20,11,FALSE)) -> 0 | BM43: =IF(OR(AT43="통상",AT43="스케줄_파라"),ROUNDUP(BI43*BK43*1.5,-2),IF(OR(AT43="스케줄",AT43="휴직_스케줄"),ROUNDUP(BI43*BK43*0.5,-2),"확인바람")) -> 393800 | BN43: =ROUNDUP(BI43*BL43*0.5,-2) -> 0 | BO43: 200000 | BP43: =IF(OR(AT43="스케줄",AT43="스케줄_파라"),ROUNDUP(VLOOKUP(AD43,'[2]스케줄 분석_20260109'!$B$3:$Y$20,23,FALSE)*(VLOOKUP(AD43,'[2]스케줄 분석_20260109'!$B$3:$Y$20,21,FALSE)/VLOOKUP(AD43,'[2]스케줄 분석_20260109'!$B$3:$Y$20,20,FALSE))*VLOOKUP(AD43,'[2]스케줄 분석_20260109'!$B$3:$Y$20,22,FALSE)*VLOOKUP(AD43,'[2]스케줄 분석_20260109'!$B$3:$Y$20,2,FALSE)*1.5*BI43,0),0) -> 0 | BQ43: =IF(BI43>=$D$1,"적합","미달") -> 적합 | BS43: =IF(AT43="통상",BI43*8*5,IF(OR(AT43="스케줄",AT43="스케줄_파라"),BI43*100,"확인")) -> 699942.4 | BT43: =BG43+BS43/12 -> 4109328.5 | BU43: =(BF43-BO43*12)*0.0475 -> 2195070 | BV43: =(BF43-BO43*12)*0.036+(BF43-BO43*12)*0.036*0.1314 -> 1882233.2 | BW43: =(BF43-BO43*12)*(0.009+0.0065) -> 716286 | BX43: =(BF43-BO43*12)*0.0066 -> 304999.2 | BY43: =CB43/AY43 -> 5063750 | BZ43: =SUM(BF43,BS43:BT43) -> 53421271 | CA43: =SUM(BU43:BX43) -> 5098588.4 | CB43: =BF43*1.25 -> 60765000 | CC43: =AZ43-CB43-BP43*1.21 -> 3639000 | CD43: =IFERROR((CC43/AZ43)*100,0) -> 5.6502702
A44: =ROW()-3 -> 41 | B44: Yes | C44: 2014064 | D44: 이성전 위원 | E44: 박규성 | F44: 조창현 | G44: 부장 | H44: 중급하 | I44: 중급기술자 | J44: 하도급(M/M) | K44: 네트워크엔지니어 | M44: 02-6266-7958 | N44: 010-5422-6135 | O44: body12@cnthoth.com | P44: 710228-1 | Q44: 34425 | R44: 41183 | S44: 41640 | T44: 광운공고 | V44: 고졸 | Z44: =IF(Q44<>"",$A$1-Q44,"") -> 11736 | AA44: =$A$1-R44 -> 4978 | AD44: SKB_남산6F | AE44: 서울특별시 | AF44: 4. SKB/SK하이닉스 Infra 운영 | AG44: 4. SKB/SK하이닉스 Infra 운영 | AH44: SK AX | AI44: SKB(남산) | AJ44: 박규성 | AK44: 04637 | AL44: 서울시 중구 퇴계로24 SK남산그린빌딩 6F | AM44: 01475 | AN44: 서울특별시 도봉구 덕릉로 62길 86-6, B-02호 (창동) | AO44: ICT Cloud팀 | AP44: SKB N/W 운영 | AQ44: LAN 설치 및 운영 | AR44: / OA 고객 대응 | AS44: 에스케이브로드밴드(주) / SKB 26년 IT장비 및 소프트웨어 유지보수_1분기(4500302989-01) | AT44: 통상 | AU44: 정직원 | AV44: 씨앤토트플러스㈜ | AW44: 5699000 | AX44: 5699000 | AY44: 12 | AZ44: =AX44*AY44 -> 68388000 | BC44: 45839 | BD44: 42804000 | BE44: 43872000 | BF44: =BG44*12 -> 43872000 | BG44: =BH44+BM44+BN44+BO44 -> 3656000 | BH44: 3100600 | BI44: =ROUND((BH44+BO44)/BJ44,2) -> 15792.34 | BJ44: =IF(AT44="통상",209,VLOOKUP(AD44,'[2]스케줄 분석_20260109'!$B$3:$F$20,5,FALSE)) -> 209 | BK44: =IF(AT44="통상",15,VLOOKUP(AD44,'[2]스케줄 분석_20260109'!$B$3:$P$20,10,FALSE)) -> 15 | BL44: =IF(AT44="통상",0,VLOOKUP(AD44,'[2]스케줄 분석_20260109'!$B$3:$P$20,11,FALSE)) -> 0 | BM44: =IF(OR(AT44="통상",AT44="스케줄_파라"),ROUNDUP(BI44*BK44*1.5,-2),IF(OR(AT44="스케줄",AT44="휴직_스케줄"),ROUNDUP(BI44*BK44*0.5,-2),"확인바람")) -> 355400 | BN44: =ROUNDUP(BI44*BL44*0.5,-2) -> 0 | BO44: 200000 | BP44: =IF(OR(AT44="스케줄",AT44="스케줄_파라"),ROUNDUP(VLOOKUP(AD44,'[2]스케줄 분석_20260109'!$B$3:$Y$20,23,FALSE)*(VLOOKUP(AD44,'[2]스케줄 분석_20260109'!$B$3:$Y$20,21,FALSE)/VLOOKUP(AD44,'[2]스케줄 분석_20260109'!$B$3:$Y$20,20,FALSE))*VLOOKUP(AD44,'[2]스케줄 분석_20260109'!$B$3:$Y$20,22,FALSE)*VLOOKUP(AD44,'[2]스케줄 분석_20260109'!$B$3:$Y$20,2,FALSE)*1.5*BI44,0),0) -> 0 | BQ44: =IF(BI44>=$D$1,"적합","미달") -> 적합 | BS44: =IF(AT44="통상",BI44*8*5,IF(OR(AT44="스케줄",AT44="스케줄_파라"),BI44*100,"확인")) -> 631693.6 | BT44: =BG44+BS44/12 -> 3708641.1 | BU44: =(BF44-BO44*12)*0.0475 -> 1969920 | BV44: =(BF44-BO44*12)*0.036+(BF44-BO44*12)*0.036*0.1314 -> 1689171.1 | BW44: =(BF44-BO44*12)*(0.009+0.0065) -> 642816 | BX44: =(BF44-BO44*12)*0.0066 -> 273715.2 | BY44: =CB44/AY44 -> 4570000 | BZ44: =SUM(BF44,BS44:BT44) -> 48212335 | CA44: =SUM(BU44:BX44) -> 4575622.3 | CB44: =BF44*1.25 -> 54840000 | CC44: =AZ44-CB44-BP44*1.21 -> 13548000 | CD44: =IFERROR((CC44/AZ44)*100,0) -> 19.810493
A45: =ROW()-3 -> 42 | B45: Yes | C45: 2014065 | D45: 이성전 위원 | E45: 박규성 | F45: 김용이 | G45: 차장 | H45: 초급하 | I45: 초급기술자 | J45: 하도급(M/M) | K45: 네트워크엔지니어 | M45: 062-450-3112 | N45: 010-4641-6660 | O45: unsystem@cnthoth.com | P45: 760209-1 | Q45: 36526 | R45: 41183 | S45: 41640 | T45: 서강정보대 | V45: 전문대졸 | W45: CCNA | Z45: =IF(Q45<>"",$A$1-Q45,"") -> 9635 | AA45: =$A$1-R45 -> 4978 | AD45: SKB 5F_광주 | AE45: 경기도외 | AF45: 4. SKB/SK하이닉스 Infra 운영 | AG45: 4. SKB/SK하이닉스 Infra 운영 | AH45: SK AX | AI45: SKB(광주) | AJ45: 박규성 | AK45: 61475 | AL45: 광주광역시 동구 금남로3가 1-11 SK브로드밴드 5층 | AM45: 61451 | AN45: 광주광역시 동구 지호로86번길 3, 903호 (지산동, 진아하이빌아파트) | AO45: ICT Cloud팀 | AP45: SKB N/W 운영 | AQ45: 전라 지역 N/W 운영 | AS45: 에스케이브로드밴드(주) / SKB 26년 IT장비 및 소프트웨어 유지보수_1분기(4500302989-01) | AT45: 통상 | AU45: 정직원 | AV45: 씨앤토트플러스㈜ | AW45: 3992000 | AX45: 3992000 | AY45: 12 | AZ45: =AX45*AY45 -> 47904000 | BC45: 45839 | BD45: 36084000 | BE45: 36840000 | BF45: =BG45*12 -> 36840000 | BG45: =BH45+BM45+BN45+BO45 -> 3070000 | BH45: 2571600 | BI45: =ROUND((BH45+BO45)/BJ45,2) -> 13261.24 | BJ45: =IF(AT45="통상",209,VLOOKUP(AD45,'[2]스케줄 분석_20260109'!$B$3:$F$20,5,FALSE)) -> 209 | BK45: =IF(AT45="통상",15,VLOOKUP(AD45,'[2]스케줄 분석_20260109'!$B$3:$P$20,10,FALSE)) -> 15 | BL45: =IF(AT45="통상",0,VLOOKUP(AD45,'[2]스케줄 분석_20260109'!$B$3:$P$20,11,FALSE)) -> 0 | BM45: =IF(OR(AT45="통상",AT45="스케줄_파라"),ROUNDUP(BI45*BK45*1.5,-2),IF(OR(AT45="스케줄",AT45="휴직_스케줄"),ROUNDUP(BI45*BK45*0.5,-2),"확인바람")) -> 298400 | BN45: =ROUNDUP(BI45*BL45*0.5,-2) -> 0 | BO45: 200000 | BP45: =IF(OR(AT45="스케줄",AT45="스케줄_파라"),ROUNDUP(VLOOKUP(AD45,'[2]스케줄 분석_20260109'!$B$3:$Y$20,23,FALSE)*(VLOOKUP(AD45,'[2]스케줄 분석_20260109'!$B$3:$Y$20,21,FALSE)/VLOOKUP(AD45,'[2]스케줄 분석_20260109'!$B$3:$Y$20,20,FALSE))*VLOOKUP(AD45,'[2]스케줄 분석_20260109'!$B$3:$Y$20,22,FALSE)*VLOOKUP(AD45,'[2]스케줄 분석_20260109'!$B$3:$Y$20,2,FALSE)*1.5*BI45,0),0) -> 0 | BQ45: =IF(BI45>=$D$1,"적합","미달") -> 적합 | BS45: =IF(AT45="통상",BI45*8*5,IF(OR(AT45="스케줄",AT45="스케줄_파라"),BI45*100,"확인")) -> 530449.6 | BT45: =BG45+BS45/12 -> 3114204.1 | BU45: =(BF45-BO45*12)*0.0475 -> 1635900 | BV45: =(BF45-BO45*12)*0.036+(BF45-BO45*12)*0.036*0.1314 -> 1402755 | BW45: =(BF45-BO45*12)*(0.009+0.0065) -> 533820 | BX45: =(BF45-BO45*12)*0.0066 -> 227304 | BY45: =CB45/AY45 -> 3837500 | BZ45: =SUM(BF45,BS45:BT45) -> 40484654 | CA45: =SUM(BU45:BX45) -> 3799779 | CB45: =BF45*1.25 -> 46050000 | CC45: =AZ45-CB45-BP45*1.21 -> 1854000 | CD45: =IFERROR((CC45/AZ45)*100,0) -> 3.8702405
A46: =ROW()-3 -> 43 | B46: Yes | C46: 2014067 | D46: 이성전 위원 | E46: 박규성(이주형) | F46: 이주형 | G46: 차장 | H46: 초급하 | I46: 초급기술자 | J46: 하도급(M/M) | K46: NOC 엔지니어 | M46: 02-6266-3994 | N46: 010-3215-6737 | O46: ljh2070@cnthoth.com | P46: 720916-1 | Q46: 39114 | R46: 41275 | S46: 41640 | T46: 동남보건대 | U46: 치과기공과 | V46: 전문대졸 | W46: CCNA | X46: MCSE | Z46: =IF(Q46<>"",$A$1-Q46,"") -> 7047 | AA46: =$A$1-R46 -> 4886 | AD46: SKB동작국사 | AE46: 서울특별시 | AF46: 4. SKB/SK하이닉스 Infra 운영 | AG46: 4. SKB/SK하이닉스 Infra 운영 | AH46: SK AX | AI46: SKB(동작) | AJ46: 박규성 | AK46: 07063 | AL46: 서울시 동작구 여의대방로 74 (신대방동) SK브로드밴드 7층 | AM46: 14748 | AN46: 경기도 부천시 성주로 186, 101동 502호 (심곡본동, 삼성하이츠빌) | AO46: ICT Cloud팀 | AP46: SKB N/W 운영 | AQ46: N/W 관제, 장애 전파 및 처리, 상황실 NMS 등록/관리 | AS46: 에스케이브로드밴드(주) / SKB 26년 IT장비 및 소프트웨어 유지보수_1분기(4500302989-01) | AT46: 스케줄 | AU46: 정직원 | AV46: 씨앤토트플러스㈜ | AW46: 3992000 | AX46: 3992000 | AY46: 12 | AZ46: =AX46*AY46 -> 47904000 | BC46: 45839 | BD46: 32088600 | BE46: 32845200 | BF46: =BG46*12 -> 32845200 | BG46: =BH46+BM46+BN46+BO46 -> 2737100 | BH46: 2113800 | BI46: =ROUND((BH46+BO46)/BJ46,2) -> 12331.72 | BJ46: =IF(AT46="통상",209,VLOOKUP(AD46,'[2]스케줄 분석_20260109'!$B$3:$F$20,5,FALSE)) -> 187.63 | BK46: =IF(AT46="통상",15,VLOOKUP(AD46,'[2]스케줄 분석_20260109'!$B$3:$P$20,10,FALSE)) -> 29.11 | BL46: =IF(AT46="통상",0,VLOOKUP(AD46,'[2]스케줄 분석_20260109'!$B$3:$P$20,11,FALSE)) -> 39.54 | BM46: =IF(OR(AT46="통상",AT46="스케줄_파라"),ROUNDUP(BI46*BK46*1.5,-2),IF(OR(AT46="스케줄",AT46="휴직_스케줄"),ROUNDUP(BI46*BK46*0.5,-2),"확인바람")) -> 179500 | BN46: =ROUNDUP(BI46*BL46*0.5,-2) -> 243800 | BO46: 200000 | BP46: =IF(OR(AT46="스케줄",AT46="스케줄_파라"),ROUNDUP(VLOOKUP(AD46,'[2]스케줄 분석_20260109'!$B$3:$Y$20,23,FALSE)*(VLOOKUP(AD46,'[2]스케줄 분석_20260109'!$B$3:$Y$20,21,FALSE)/VLOOKUP(AD46,'[2]스케줄 분석_20260109'!$B$3:$Y$20,20,FALSE))*VLOOKUP(AD46,'[2]스케줄 분석_20260109'!$B$3:$Y$20,22,FALSE)*VLOOKUP(AD46,'[2]스케줄 분석_20260109'!$B$3:$Y$20,2,FALSE)*1.5*BI46,0),0) -> 2492209 | BQ46: =IF(BI46>=$D$1,"적합","미달") -> 적합 | BS46: =IF(AT46="통상",BI46*8*5,IF(OR(AT46="스케줄",AT46="스케줄_파라"),BI46*100,"확인")) -> 1233172 | BT46: =BG46+BS46/12 -> 2839864.3 | BU46: =(BF46-BO46*12)*0.0475 -> 1446147 | BV46: =(BF46-BO46*12)*0.036+(BF46-BO46*12)*0.036*0.1314 -> 1240045.2 | BW46: =(BF46-BO46*12)*(0.009+0.0065) -> 471900.6 | BX46: =(BF46-BO46*12)*0.0066 -> 200938.32 | BY46: =CB46/AY46 -> 3421375 | BZ46: =SUM(BF46,BS46:BT46) -> 36918236 | CA46: =SUM(BU46:BX46) -> 3359031.1 | CB46: =BF46*1.25 -> 41056500 | CC46: =AZ46-CB46-BP46*1.21 -> 3831927.1 | CD46: =IFERROR((CC46/AZ46)*100,0) -> 7.9991798
A47: =ROW()-3 -> 44 | B47: Yes | C47: 2014069 | D47: 이성전 위원 | E47: 박규성 | F47: 천성철 | G47: 부장 | H47: 초급하 | I47: 초급기술자 | J47: 하도급(M/M) | K47: 네트워크엔지니어 | M47: 051-940-2908 | N47: 010-9266-8094 | O47: chsach3791@cnthoth.com | P47: 731120-1 | Q47: 36434 | R47: 41275 | S47: 41640 | T47: 경남정보대학 | U47: 전자통신과 | V47: 전문대졸 | W47: CCNA | Z47: =IF(Q47<>"",$A$1-Q47,"") -> 9727 | AA47: =$A$1-R47 -> 4886 | AD47: SKB 5F_부산 | AE47: 경기도외 | AF47: 4. SKB/SK하이닉스 Infra 운영 | AG47: 4. SKB/SK하이닉스 Infra 운영 | AH47: SK AX | AI47: SKB(부산) | AJ47: 박규성 | AK47: 47520 | AL47: 부산광역시 연제구 반송로29 SK브로드밴드 5층 | AM47: 47562 | AN47: 부산광역시 연제구 과정로294번길 10, 102동 1004호 (연산동, 동원베네스트) | AO47: ICT Cloud팀 | AP47: SKB N/W 운영 | AQ47: 경남 지역 N/W 운영 | AS47: 에스케이브로드밴드(주) / SKB 26년 IT장비 및 소프트웨어 유지보수_1분기(4500302989-01) | AT47: 통상 | AU47: 정직원 | AV47: 씨앤토트플러스㈜ | AW47: 3992000 | AX47: 3992000 | AY47: 12 | AZ47: =AX47*AY47 -> 47904000 | BC47: 45839 | BD47: 36084000 | BE47: 36840000 | BF47: =BG47*12 -> 36840000 | BG47: =BH47+BM47+BN47+BO47 -> 3070000 | BH47: 2571600 | BI47: =ROUND((BH47+BO47)/BJ47,2) -> 13261.24 | BJ47: =IF(AT47="통상",209,VLOOKUP(AD47,'[2]스케줄 분석_20260109'!$B$3:$F$20,5,FALSE)) -> 209 | BK47: =IF(AT47="통상",15,VLOOKUP(AD47,'[2]스케줄 분석_20260109'!$B$3:$P$20,10,FALSE)) -> 15 | BL47: =IF(AT47="통상",0,VLOOKUP(AD47,'[2]스케줄 분석_20260109'!$B$3:$P$20,11,FALSE)) -> 0 | BM47: =IF(OR(AT47="통상",AT47="스케줄_파라"),ROUNDUP(BI47*BK47*1.5,-2),IF(OR(AT47="스케줄",AT47="휴직_스케줄"),ROUNDUP(BI47*BK47*0.5,-2),"확인바람")) -> 298400 | BN47: =ROUNDUP(BI47*BL47*0.5,-2) -> 0 | BO47: 200000 | BP47: =IF(OR(AT47="스케줄",AT47="스케줄_파라"),ROUNDUP(VLOOKUP(AD47,'[2]스케줄 분석_20260109'!$B$3:$Y$20,23,FALSE)*(VLOOKUP(AD47,'[2]스케줄 분석_20260109'!$B$3:$Y$20,21,FALSE)/VLOOKUP(AD47,'[2]스케줄 분석_20260109'!$B$3:$Y$20,20,FALSE))*VLOOKUP(AD47,'[2]스케줄 분석_20260109'!$B$3:$Y$20,22,FALSE)*VLOOKUP(AD47,'[2]스케줄 분석_20260109'!$B$3:$Y$20,2,FALSE)*1.5*BI47,0),0) -> 0 | BQ47: =IF(BI47>=$D$1,"적합","미달") -> 적합 | BS47: =IF(AT47="통상",BI47*8*5,IF(OR(AT47="스케줄",AT47="스케줄_파라"),BI47*100,"확인")) -> 530449.6 | BT47: =BG47+BS47/12 -> 3114204.1 | BU47: =(BF47-BO47*12)*0.0475 -> 1635900 | BV47: =(BF47-BO47*12)*0.036+(BF47-BO47*12)*0.036*0.1314 -> 1402755 | BW47: =(BF47-BO47*12)*(0.009+0.0065) -> 533820 | BX47: =(BF47-BO47*12)*0.0066 -> 227304 | BY47: =CB47/AY47 -> 3837500 | BZ47: =SUM(BF47,BS47:BT47) -> 40484654 | CA47: =SUM(BU47:BX47) -> 3799779 | CB47: =BF47*1.25 -> 46050000 | CC47: =AZ47-CB47-BP47*1.21 -> 1854000 | CD47: =IFERROR((CC47/AZ47)*100,0) -> 3.8702405
A48: =ROW()-3 -> 45 | B48: Yes | C48: 2014070 | D48: 김현수 M | E48: 최재유(임명:이현목) | F48: 이현목 | G48: 부장 | H48: 중급상 | I48: 중급기술자 | J48: 하도급(FTE) | K48: 네트워크엔지니어 | M48: 02-6100-0349 | N48: 010-2070-4017 | O48: verger@cnthoth.com | P48: 750725-1 | Q48: 37316 | R48: 41275 | S48: 41640 | T48: 가톨릭대학교 | V48: 대졸 | W48: 무선설비기사 | X48: 통신선로산업기사 | Y48: 전자기기능사 2급 | Z48: =IF(Q48<>"",$A$1-Q48,"") -> 8845 | AA48: =$A$1-R48 -> 4886 | AD48: SKT_을지로 | AE48: 서울특별시 | AF48: 2. Network Service | AG48: 2. Network Service | AH48: SK AX | AI48: SKT_T타워(을지로) | AJ48: 임정재 | AK48: 04539 | AL48: 서울시 중구 을지로 65 (을지로2가) SK텔레콤빌딩 9층 ICT기술원 인프라Tech.Lab | AM48: 14790 | AN48: 경기도 부천시 범안로 220, 109동 404호 (옥길동, 옥길호반베르디움) | AO48: Network Service팀 | AP48: SKT 고객지원 | AQ48: SKT ITSM 지원 | AR48: / SKT N/W 운영 | AS48: 고객사 공통 / 2026년_인프라운영_HC11_1분기(4500303149-01) | AT48: 통상 | AU48: 정직원 | AV48: 씨앤토트플러스㈜ | AW48: 6439000 | AX48: 6439000 | AY48: 12 | AZ48: =AX48*AY48 -> 77268000 | BC48: 45839 | BD48: 59448000 | BE48: 60667200 | BF48: =BG48*12 -> 60667200 | BG48: =BH48+BM48+BN48+BO48 -> 5055600 | BH48: 4364200 | BI48: =ROUND((BH48+BO48)/BJ48,2) -> 21838.28 | BJ48: =IF(AT48="통상",209,VLOOKUP(AD48,'[2]스케줄 분석_20260109'!$B$3:$F$20,5,FALSE)) -> 209 | BK48: =IF(AT48="통상",15,VLOOKUP(AD48,'[2]스케줄 분석_20260109'!$B$3:$P$20,10,FALSE)) -> 15 | BL48: =IF(AT48="통상",0,VLOOKUP(AD48,'[2]스케줄 분석_20260109'!$B$3:$P$20,11,FALSE)) -> 0 | BM48: =IF(OR(AT48="통상",AT48="스케줄_파라"),ROUNDUP(BI48*BK48*1.5,-2),IF(OR(AT48="스케줄",AT48="휴직_스케줄"),ROUNDUP(BI48*BK48*0.5,-2),"확인바람")) -> 491400 | BN48: =ROUNDUP(BI48*BL48*0.5,-2) -> 0 | BO48: 200000 | BP48: =IF(OR(AT48="스케줄",AT48="스케줄_파라"),ROUNDUP(VLOOKUP(AD48,'[2]스케줄 분석_20260109'!$B$3:$Y$20,23,FALSE)*(VLOOKUP(AD48,'[2]스케줄 분석_20260109'!$B$3:$Y$20,21,FALSE)/VLOOKUP(AD48,'[2]스케줄 분석_20260109'!$B$3:$Y$20,20,FALSE))*VLOOKUP(AD48,'[2]스케줄 분석_20260109'!$B$3:$Y$20,22,FALSE)*VLOOKUP(AD48,'[2]스케줄 분석_20260109'!$B$3:$Y$20,2,FALSE)*1.5*BI48,0),0) -> 0 | BQ48: =IF(BI48>=$D$1,"적합","미달") -> 적합 | BS48: =IF(AT48="통상",BI48*8*5,IF(OR(AT48="스케줄",AT48="스케줄_파라"),BI48*100,"확인")) -> 873531.2 | BT48: =BG48+BS48/12 -> 5128394.3 | BU48: =(BF48-BO48*12)*0.0475 -> 2767692 | BV48: =(BF48-BO48*12)*0.036+(BF48-BO48*12)*0.036*0.1314 -> 2373246.4 | BW48: =(BF48-BO48*12)*(0.009+0.0065) -> 903141.6 | BX48: =(BF48-BO48*12)*0.0066 -> 384563.52 | BY48: =CB48/AY48 -> 6319500 | BZ48: =SUM(BF48,BS48:BT48) -> 66669125 | CA48: =SUM(BU48:BX48) -> 6428643.5 | CB48: =BF48*1.25 -> 75834000 | CC48: =AZ48-CB48-BP48*1.21 -> 1434000 | CD48: =IFERROR((CC48/AZ48)*100,0) -> 1.8558782
A49: =ROW()-3 -> 46 | B49: Yes | C49: 2014071 | D49: 박귀진 M, 송수근 위원 | E49: 조원석(임명:최동일) | F49: 최동일 | G49: 부장 | H49: 중급상 | I49: 중급기술자 | J49: 하도급(FTE) | K49: 서버엔지니어 | L49: 고경남 후임 | M49: 02-829-2402 | N49: 010-8315-3938 | O49: tarac10047@cnthoth.com | P49: 730812-1 | Q49: 36923 | R49: 41288 | S49: 41640 | T49: 서울산업대학교 | V49: 대졸 | W49: CISA/CISSP | X49: 무선설비산업기사 | Z49: =IF(Q49<>"",$A$1-Q49,"") -> 9238 | AA49: =$A$1-R49 -> 4873 | AD49: SKT 7F_보라매 | AE49: 서울특별시 | AF49: 1. Infra 운영 | AG49: 1. Infra 운영 | AH49: SK AX | AI49: SKT(보라매) | AJ49: 조원석 | AK49: 08708 | AL49: 서울시 관악구 보라매로5길 1 SK텔레콤빌딩 7F (봉천동) | AM49: 07960 | AN49: 서울특별시 양천구 목동중앙본로7길 37-20, 101동 802호 (목동, 길성그랑프리텔) | AO49: T Biz. Cloud팀 | AP49: SKT 서버 운영 | AQ49: Windows 서버 운영 | AS49: 고객사 공통 / 2026년_인프라운영_HC12_1분기(4500303380-01) | AT49: 통상 | AU49: 정직원 | AV49: 씨앤토트플러스㈜ | AW49: 5961000 | AX49: 5961000 | AY49: 12 | AZ49: =AX49*AY49 -> 71532000 | BC49: 45839 | BD49: 46800000 | BE49: 47916000 | BF49: =BG49*12 -> 47916000 | BG49: =BH49+BM49+BN49+BO49 -> 3993000 | BH49: 3404900 | BI49: =ROUND((BH49+BO49)/BJ49,2) -> 17248.33 | BJ49: =IF(AT49="통상",209,VLOOKUP(AD49,'[2]스케줄 분석_20260109'!$B$3:$F$20,5,FALSE)) -> 209 | BK49: =IF(AT49="통상",15,VLOOKUP(AD49,'[2]스케줄 분석_20260109'!$B$3:$P$20,10,FALSE)) -> 15 | BL49: =IF(AT49="통상",0,VLOOKUP(AD49,'[2]스케줄 분석_20260109'!$B$3:$P$20,11,FALSE)) -> 0 | BM49: =IF(OR(AT49="통상",AT49="스케줄_파라"),ROUNDUP(BI49*BK49*1.5,-2),IF(OR(AT49="스케줄",AT49="휴직_스케줄"),ROUNDUP(BI49*BK49*0.5,-2),"확인바람")) -> 388100 | BN49: =ROUNDUP(BI49*BL49*0.5,-2) -> 0 | BO49: 200000 | BP49: =IF(OR(AT49="스케줄",AT49="스케줄_파라"),ROUNDUP(VLOOKUP(AD49,'[2]스케줄 분석_20260109'!$B$3:$Y$20,23,FALSE)*(VLOOKUP(AD49,'[2]스케줄 분석_20260109'!$B$3:$Y$20,21,FALSE)/VLOOKUP(AD49,'[2]스케줄 분석_20260109'!$B$3:$Y$20,20,FALSE))*VLOOKUP(AD49,'[2]스케줄 분석_20260109'!$B$3:$Y$20,22,FALSE)*VLOOKUP(AD49,'[2]스케줄 분석_20260109'!$B$3:$Y$20,2,FALSE)*1.5*BI49,0),0) -> 0 | BQ49: =IF(BI49>=$D$1,"적합","미달") -> 적합 | BS49: =IF(AT49="통상",BI49*8*5,IF(OR(AT49="스케줄",AT49="스케줄_파라"),BI49*100,"확인")) -> 689933.2 | BT49: =BG49+BS49/12 -> 4050494.4 | BU49: =(BF49-BO49*12)*0.0475 -> 2162010 | BV49: =(BF49-BO49*12)*0.036+(BF49-BO49*12)*0.036*0.1314 -> 1853884.9 | BW49: =(BF49-BO49*12)*(0.009+0.0065) -> 705498 | BX49: =(BF49-BO49*12)*0.0066 -> 300405.6 | BY49: =CB49/AY49 -> 4991250 | BZ49: =SUM(BF49,BS49:BT49) -> 52656428 | CA49: =SUM(BU49:BX49) -> 5021798.5 | CB49: =BF49*1.25 -> 59895000 | CC49: =AZ49-CB49-BP49*1.21 -> 11637000 | CD49: =IFERROR((CC49/AZ49)*100,0) -> 16.268244
A50: =ROW()-3 -> 47 | B50: Yes | C50: 2014072 | D50: 김태형 M | E50: 최재유(임명:박지현) | F50: 박지현 | G50: 부장 | H50: 중급상 | I50: 중급기술자 | J50: 하도급(FTE) | K50: 네트워크엔지니어 | M50: 032-570-5040 | N50: 010-9003-5237 | O50: parkpd@cnthoth.com | P50: 760730-1 | Q50: 37257 | R50: 41365 | S50: 41640 | T50: 건양대학교 | U50: 정보통신공학과 | V50: 대졸 | W50: CCNA | X50: CCNP | Z50: =IF(Q50<>"",$A$1-Q50,"") -> 8904 | AA50: =$A$1-R50 -> 4796 | AD50: SKT_보라매 7F | AE50: 서울특별시 | AF50: 2. Network Service | AG50: 2. Network Service | AH50: SK AX | AI50: SK이노베이션(인천) | AJ50: 개인 | AK50: 08708 | AL50: 서울시 관악구 보라매로5길 1 SK텔레콤빌딩 7F (봉천동) | AM50: 22135 | AN50: 인천광역시 미추홀구 주안동로33, 602호 (주안동, 현대오피스텔) | AO50: Network Service팀 | AP50: 인천CLX N/W 운영 | AQ50: N/W 장애처리 | AR50: / Voice 운영 | AS50: 고객사 공통 / 2026년_인프라운영_HC11_1분기(4500303149-01) | AT50: 통상 | AU50: 정직원 | AV50: 씨앤토트플러스㈜ | AW50: 5517000 | AX50: 5517000 | AY50: 12 | AZ50: =AX50*AY50 -> 66204000 | BC50: 45839 | BD50: 43248000 | BE50: 44292000 | BF50: =BG50*12 -> 44292000 | BG50: =BH50+BM50+BN50+BO50 -> 3691000 | BH50: 3132200 | BI50: =ROUND((BH50+BO50)/BJ50,2) -> 15943.54 | BJ50: =IF(AT50="통상",209,VLOOKUP(AD50,'[2]스케줄 분석_20260109'!$B$3:$F$20,5,FALSE)) -> 209 | BK50: =IF(AT50="통상",15,VLOOKUP(AD50,'[2]스케줄 분석_20260109'!$B$3:$P$20,10,FALSE)) -> 15 | BL50: =IF(AT50="통상",0,VLOOKUP(AD50,'[2]스케줄 분석_20260109'!$B$3:$P$20,11,FALSE)) -> 0 | BM50: =IF(OR(AT50="통상",AT50="스케줄_파라"),ROUNDUP(BI50*BK50*1.5,-2),IF(OR(AT50="스케줄",AT50="휴직_스케줄"),ROUNDUP(BI50*BK50*0.5,-2),"확인바람")) -> 358800 | BN50: =ROUNDUP(BI50*BL50*0.5,-2) -> 0 | BO50: 200000 | BP50: =IF(OR(AT50="스케줄",AT50="스케줄_파라"),ROUNDUP(VLOOKUP(AD50,'[2]스케줄 분석_20260109'!$B$3:$Y$20,23,FALSE)*(VLOOKUP(AD50,'[2]스케줄 분석_20260109'!$B$3:$Y$20,21,FALSE)/VLOOKUP(AD50,'[2]스케줄 분석_20260109'!$B$3:$Y$20,20,FALSE))*VLOOKUP(AD50,'[2]스케줄 분석_20260109'!$B$3:$Y$20,22,FALSE)*VLOOKUP(AD50,'[2]스케줄 분석_20260109'!$B$3:$Y$20,2,FALSE)*1.5*BI50,0),0) -> 0 | BQ50: =IF(BI50>=$D$1,"적합","미달") -> 적합 | BS50: =IF(AT50="통상",BI50*8*5,IF(OR(AT50="스케줄",AT50="스케줄_파라"),BI50*100,"확인")) -> 637741.6 | BT50: =BG50+BS50/12 -> 3744145.1 | BU50: =(BF50-BO50*12)*0.0475 -> 1989870 | BV50: =(BF50-BO50*12)*0.036+(BF50-BO50*12)*0.036*0.1314 -> 1706277.9 | BW50: =(BF50-BO50*12)*(0.009+0.0065) -> 649326 | BX50: =(BF50-BO50*12)*0.0066 -> 276487.2 | BY50: =CB50/AY50 -> 4613750 | BZ50: =SUM(BF50,BS50:BT50) -> 48673887 | CA50: =SUM(BU50:BX50) -> 4621961.1 | CB50: =BF50*1.25 -> 55365000 | CC50: =AZ50-CB50-BP50*1.21 -> 10839000 | CD50: =IFERROR((CC50/AZ50)*100,0) -> 16.372123
A51: =ROW()-3 -> 48 | B51: Yes | C51: 2014075 | D51: 이성전 위원 | E51: 박규성(임명:이재원) | F51: 이재원 | G51: 부장 | H51: 고급하 | I51: 고급기술자 | J51: 하도급(M/M) | K51: 서버엔지니어 | M51: 02-6266-6244 | N51: 010-2410-0635 | O51: ovlee@cnthoth.com | P51: 761225-1 | Q51: 37865 | R51: 41470 | S51: 41640 | T51: 서울디지털 대학교 | U51: 컴퓨터공학 | V51: 대졸 | W51: RHCE | X51: CCDA | Y51: SCNA | Z51: =IF(Q51<>"",$A$1-Q51,"") -> 8296 | AA51: =$A$1-R51 -> 4691 | AD51: SKB 7층_동작 | AE51: 서울특별시 | AF51: 4. SKB/SK하이닉스 Infra 운영 | AG51: 4. SKB/SK하이닉스 Infra 운영 | AH51: SK AX | AI51: SKB(동작) | AJ51: 박규성 | AK51: 07063 | AL51: 서울시 동작구 여의대방로 74 (신대방동) SK브로드밴드 7층 | AM51: 15596 | AN51: 경기도 안산시 상록구 해양5로 17, 209동 3903호 (사동, 그랑시티자이2차) | AO51: ICT Cloud팀 | AP51: SKB 서버 운영 | AQ51: Linux 서버 운영 | AS51: 에스케이브로드밴드(주) / SKB 26년 IT장비 및 소프트웨어 유지보수_1분기(4500302989-01) | AT51: 통상 | AU51: 정직원 | AV51: 씨앤토트플러스㈜ | AW51: 7144000 | AX51: 7144000 | AY51: 12 | AZ51: =AX51*AY51 -> 85728000 | BC51: 45839 | BD51: 63600000 | BE51: 64200000 | BF51: =BG51*12 -> 64200000 | BG51: =BH51+BM51+BN51+BO51 -> 5350000 | BH51: 4630000 | BI51: =ROUND((BH51+BO51)/BJ51,2) -> 23110.05 | BJ51: =IF(AT51="통상",209,VLOOKUP(AD51,'[2]스케줄 분석_20260109'!$B$3:$F$20,5,FALSE)) -> 209 | BK51: =IF(AT51="통상",15,VLOOKUP(AD51,'[2]스케줄 분석_20260109'!$B$3:$P$20,10,FALSE)) -> 15 | BL51: =IF(AT51="통상",0,VLOOKUP(AD51,'[2]스케줄 분석_20260109'!$B$3:$P$20,11,FALSE)) -> 0 | BM51: =IF(OR(AT51="통상",AT51="스케줄_파라"),ROUNDUP(BI51*BK51*1.5,-2),IF(OR(AT51="스케줄",AT51="휴직_스케줄"),ROUNDUP(BI51*BK51*0.5,-2),"확인바람")) -> 520000 | BN51: =ROUNDUP(BI51*BL51*0.5,-2) -> 0 | BO51: 200000 | BP51: =IF(OR(AT51="스케줄",AT51="스케줄_파라"),ROUNDUP(VLOOKUP(AD51,'[2]스케줄 분석_20260109'!$B$3:$Y$20,23,FALSE)*(VLOOKUP(AD51,'[2]스케줄 분석_20260109'!$B$3:$Y$20,21,FALSE)/VLOOKUP(AD51,'[2]스케줄 분석_20260109'!$B$3:$Y$20,20,FALSE))*VLOOKUP(AD51,'[2]스케줄 분석_20260109'!$B$3:$Y$20,22,FALSE)*VLOOKUP(AD51,'[2]스케줄 분석_20260109'!$B$3:$Y$20,2,FALSE)*1.5*BI51,0),0) -> 0 | BQ51: =IF(BI51>=$D$1,"적합","미달") -> 적합 | BS51: =IF(AT51="통상",BI51*8*5,IF(OR(AT51="스케줄",AT51="스케줄_파라"),BI51*100,"확인")) -> 924402 | BT51: =BG51+BS51/12 -> 5427033.5 | BU51: =(BF51-BO51*12)*0.0475 -> 2935500 | BV51: =(BF51-BO51*12)*0.036+(BF51-BO51*12)*0.036*0.1314 -> 2517138.7 | BW51: =(BF51-BO51*12)*(0.009+0.0065) -> 957900 | BX51: =(BF51-BO51*12)*0.0066 -> 407880 | BY51: =CB51/AY51 -> 6687500 | BZ51: =SUM(BF51,BS51:BT51) -> 70551436 | CA51: =SUM(BU51:BX51) -> 6818418.7 | CB51: =BF51*1.25 -> 80250000 | CC51: =AZ51-CB51-BP51*1.21 -> 5478000 | CD51: =IFERROR((CC51/AZ51)*100,0) -> 6.3899776
A52: =ROW()-3 -> 49 | B52: Yes | C52: 2014084 | D52: 박귀진 M, 송수근 위원 | E52: 조원석(임명:오장환) | F52: 오장환 | G52: 부장 | H52: 중급하 | I52: 중급기술자 | J52: 하도급(FTE) | K52: 서버엔지니어 | M52: 02-829-2421 | N52: 010-2005-1640 | O52: ojhdunk@cnthoth.com | P52: 770518-1 | Q52: 37316 | R52: 40634 | S52: 41640 | T52: 청강문화산업대학 | V52: 전문대졸 | Z52: =IF(Q52<>"",$A$1-Q52,"") -> 8845 | AA52: =$A$1-R52 -> 5527 | AD52: SKT 7F_보라매 | AE52: 서울특별시 | AF52: 1. Infra 운영 | AG52: 1. Infra 운영 | AH52: SK AX | AI52: SKT(보라매) | AJ52: 조원석 | AK52: 08708 | AL52: 서울시 관악구 보라매로5길 1 SK텔레콤빌딩 7F (봉천동) | AM52: 10356 | AN52: 경기도 고양시 일산서구 경의로 605, 1210동 1404호 (일산동, 후곡마을12단지) | AO52: T Biz. Cloud팀 | AP52: SKT 서버 운영 | AQ52: Unix 서버 운영 | AR52: / Linux 서버 운영 | AS52: 고객사 공통 / 2026년_인프라운영_HC12_1분기(4500303380-01) | AT52: 통상 | AU52: 정직원 | AV52: 씨앤토트플러스㈜ | AW52: 4928000 | AX52: 4928000 | AY52: 12 | AZ52: =AX52*AY52 -> 59136000 | BC52: 45839 | BD52: 40308000 | BE52: 41232000 | BF52: =BG52*12 -> 41232000 | BG52: =BH52+BM52+BN52+BO52 -> 3436000 | BH52: 2902000 | BI52: =ROUND((BH52+BO52)/BJ52,2) -> 14842.11 | BJ52: =IF(AT52="통상",209,VLOOKUP(AD52,'[2]스케줄 분석_20260109'!$B$3:$F$20,5,FALSE)) -> 209 | BK52: =IF(AT52="통상",15,VLOOKUP(AD52,'[2]스케줄 분석_20260109'!$B$3:$P$20,10,FALSE)) -> 15 | BL52: =IF(AT52="통상",0,VLOOKUP(AD52,'[2]스케줄 분석_20260109'!$B$3:$P$20,11,FALSE)) -> 0 | BM52: =IF(OR(AT52="통상",AT52="스케줄_파라"),ROUNDUP(BI52*BK52*1.5,-2),IF(OR(AT52="스케줄",AT52="휴직_스케줄"),ROUNDUP(BI52*BK52*0.5,-2),"확인바람")) -> 334000 | BN52: =ROUNDUP(BI52*BL52*0.5,-2) -> 0 | BO52: 200000 | BP52: =IF(OR(AT52="스케줄",AT52="스케줄_파라"),ROUNDUP(VLOOKUP(AD52,'[2]스케줄 분석_20260109'!$B$3:$Y$20,23,FALSE)*(VLOOKUP(AD52,'[2]스케줄 분석_20260109'!$B$3:$Y$20,21,FALSE)/VLOOKUP(AD52,'[2]스케줄 분석_20260109'!$B$3:$Y$20,20,FALSE))*VLOOKUP(AD52,'[2]스케줄 분석_20260109'!$B$3:$Y$20,22,FALSE)*VLOOKUP(AD52,'[2]스케줄 분석_20260109'!$B$3:$Y$20,2,FALSE)*1.5*BI52,0),0) -> 0 | BQ52: =IF(BI52>=$D$1,"적합","미달") -> 적합 | BS52: =IF(AT52="통상",BI52*8*5,IF(OR(AT52="스케줄",AT52="스케줄_파라"),BI52*100,"확인")) -> 593684.4 | BT52: =BG52+BS52/12 -> 3485473.7 | BU52: =(BF52-BO52*12)*0.0475 -> 1844520 | BV52: =(BF52-BO52*12)*0.036+(BF52-BO52*12)*0.036*0.1314 -> 1581642.9 | BW52: =(BF52-BO52*12)*(0.009+0.0065) -> 601896 | BX52: =(BF52-BO52*12)*0.0066 -> 256291.2 | BY52: =CB52/AY52 -> 4295000 | BZ52: =SUM(BF52,BS52:BT52) -> 45311158 | CA52: =SUM(BU52:BX52) -> 4284350.1 | CB52: =BF52*1.25 -> 51540000 | CC52: =AZ52-CB52-BP52*1.21 -> 7596000 | CD52: =IFERROR((CC52/AZ52)*100,0) -> 12.844968
A53: =ROW()-3 -> 50 | B53: Yes | C53: 2014092 | D53: 박귀진 M, 이범철 M | E53: 이창환 | F53: 황효성 | G53: 차장 | H53: 중급상 | I53: 중급기술자 | J53: 하도급(FTE) | K53: 서버엔지니어 | L53: 송대희 후임 | M53: 031-250-7884 | N53: 010-6225-8586 | O53: hsokbary@cnthoth.com | P53: 790125-1 | Q53: 37316 | R53: 41050 | S53: 41640 | T53: 장안대학 | V53: 전문대졸 | W53: CSA | X53: MCITP | Y53: OCP | Z53: =IF(Q53<>"",$A$1-Q53,"") -> 8845 | AA53: =$A$1-R53 -> 5111 | AD53: SKC수원공장_수원 | AE53: 경기도 | AF53: 1. Infra 운영 | AG53: 1. Infra 운영 | AH53: SK AX | AI53: SKC(수원) | AJ53: 개인 | AK53: 16336 | AL53: 경기도 수원시 장안구 장안로 309번길 84 SKC수원공장 SKCC_IT지원팀 | AM53: 14081 | AN53: 경기도 안양시 동안구 귀인로80번길 5, 101동 102호 (호계동, 금호아파트) | AO53: 제조/환경Cloud팀 | AP53: SKC 서버 운영 | AQ53: Unix 서버 운영 | AR53: / Linux 서버 운영 | AS53: 고객사 공통 / 2026년_인프라운영_HC22_01_1분기 (4500303129-01) | AT53: 통상 | AU53: 정직원 | AV53: 씨앤토트플러스㈜ | AW53: 5816000 | AX53: 5816000 | AY53: 12 | AZ53: =AX53*AY53 -> 69792000 | BC53: 45839 | BD53: 48408000 | BE53: 49512000 | BF53: =BG53*12 -> 49512000 | BG53: =BH53+BM53+BN53+BO53 -> 4126000 | BH53: 3524900 | BI53: =ROUND((BH53+BO53)/BJ53,2) -> 17822.49 | BJ53: =IF(AT53="통상",209,VLOOKUP(AD53,'[2]스케줄 분석_20260109'!$B$3:$F$20,5,FALSE)) -> 209 | BK53: =IF(AT53="통상",15,VLOOKUP(AD53,'[2]스케줄 분석_20260109'!$B$3:$P$20,10,FALSE)) -> 15 | BL53: =IF(AT53="통상",0,VLOOKUP(AD53,'[2]스케줄 분석_20260109'!$B$3:$P$20,11,FALSE)) -> 0 | BM53: =IF(OR(AT53="통상",AT53="스케줄_파라"),ROUNDUP(BI53*BK53*1.5,-2),IF(OR(AT53="스케줄",AT53="휴직_스케줄"),ROUNDUP(BI53*BK53*0.5,-2),"확인바람")) -> 401100 | BN53: =ROUNDUP(BI53*BL53*0.5,-2) -> 0 | BO53: 200000 | BP53: =IF(OR(AT53="스케줄",AT53="스케줄_파라"),ROUNDUP(VLOOKUP(AD53,'[2]스케줄 분석_20260109'!$B$3:$Y$20,23,FALSE)*(VLOOKUP(AD53,'[2]스케줄 분석_20260109'!$B$3:$Y$20,21,FALSE)/VLOOKUP(AD53,'[2]스케줄 분석_20260109'!$B$3:$Y$20,20,FALSE))*VLOOKUP(AD53,'[2]스케줄 분석_20260109'!$B$3:$Y$20,22,FALSE)*VLOOKUP(AD53,'[2]스케줄 분석_20260109'!$B$3:$Y$20,2,FALSE)*1.5*BI53,0),0) -> 0 | BQ53: =IF(BI53>=$D$1,"적합","미달") -> 적합 | BS53: =IF(AT53="통상",BI53*8*5,IF(OR(AT53="스케줄",AT53="스케줄_파라"),BI53*100,"확인")) -> 712899.6 | BT53: =BG53+BS53/12 -> 4185408.3 | BU53: =(BF53-BO53*12)*0.0475 -> 2237820 | BV53: =(BF53-BO53*12)*0.036+(BF53-BO53*12)*0.036*0.1314 -> 1918890.6 | BW53: =(BF53-BO53*12)*(0.009+0.0065) -> 730236 | BX53: =(BF53-BO53*12)*0.0066 -> 310939.2 | BY53: =CB53/AY53 -> 5157500 | BZ53: =SUM(BF53,BS53:BT53) -> 54410308 | CA53: =SUM(BU53:BX53) -> 5197885.8 | CB53: =BF53*1.25 -> 61890000 | CC53: =AZ53-CB53-BP53*1.21 -> 7902000 | CD53: =IFERROR((CC53/AZ53)*100,0) -> 11.322215
A54: =ROW()-3 -> 51 | B54: Yes | C54: 2014098 | D54: 이성전 위원 | E54: 박규성 | F54: 김준희 | G54: 차장 | H54: 초급하 | I54: 초급기술자 | J54: 하도급(M/M) | K54: 네트워크엔지니어 | M54: 053-240-2011 | N54: 010-2654-2443 | O54: lazymdp@cnthoth.com | P54: 831217-1 | Q54: 40087 | R54: 41091 | S54: 41640 | T54: 대구효성카톨릭대학교 | V54: 대졸 | W54: CCNP | X54: 정보처리기사 | Z54: =IF(Q54<>"",$A$1-Q54,"") -> 6074 | AA54: =$A$1-R54 -> 5070 | AD54: SKB 3F_대구 | AE54: 경기도외 | AF54: 4. SKB/SK하이닉스 Infra 운영 | AG54: 4. SKB/SK하이닉스 Infra 운영 | AH54: SK AX | AI54: SKB(대구) | AJ54: 박규성 | AK54: 41940 | AL54: 대구광역시 중구 달구벌대로2171 SK브로드밴드 3층 | AM54: 38540 | AN54: 경상북도 경산시 압량읍 압독로 38-10, 103동 2001호 (e-편한세상 경산신대아파트) | AO54: ICT Cloud팀 | AP54: SKB N/W 운영 | AQ54: 경북 지역 N/W 운영 | AS54: 에스케이브로드밴드(주) / SKB 26년 IT장비 및 소프트웨어 유지보수_1분기(4500302989-01) | AT54: 통상 | AU54: 정직원 | AV54: 씨앤토트플러스㈜ | AW54: 3992000 | AX54: 3992000 | AY54: 12 | AZ54: =AX54*AY54 -> 47904000 | BC54: 45839 | BD54: 36084000 | BE54: 36840000 | BF54: =BG54*12 -> 36840000 | BG54: =BH54+BM54+BN54+BO54 -> 3070000 | BH54: 2571600 | BI54: =ROUND((BH54+BO54)/BJ54,2) -> 13261.24 | BJ54: =IF(AT54="통상",209,VLOOKUP(AD54,'[2]스케줄 분석_20260109'!$B$3:$F$20,5,FALSE)) -> 209 | BK54: =IF(AT54="통상",15,VLOOKUP(AD54,'[2]스케줄 분석_20260109'!$B$3:$P$20,10,FALSE)) -> 15 | BL54: =IF(AT54="통상",0,VLOOKUP(AD54,'[2]스케줄 분석_20260109'!$B$3:$P$20,11,FALSE)) -> 0 | BM54: =IF(OR(AT54="통상",AT54="스케줄_파라"),ROUNDUP(BI54*BK54*1.5,-2),IF(OR(AT54="스케줄",AT54="휴직_스케줄"),ROUNDUP(BI54*BK54*0.5,-2),"확인바람")) -> 298400 | BN54: =ROUNDUP(BI54*BL54*0.5,-2) -> 0 | BO54: 200000 | BP54: =IF(OR(AT54="스케줄",AT54="스케줄_파라"),ROUNDUP(VLOOKUP(AD54,'[2]스케줄 분석_20260109'!$B$3:$Y$20,23,FALSE)*(VLOOKUP(AD54,'[2]스케줄 분석_20260109'!$B$3:$Y$20,21,FALSE)/VLOOKUP(AD54,'[2]스케줄 분석_20260109'!$B$3:$Y$20,20,FALSE))*VLOOKUP(AD54,'[2]스케줄 분석_20260109'!$B$3:$Y$20,22,FALSE)*VLOOKUP(AD54,'[2]스케줄 분석_20260109'!$B$3:$Y$20,2,FALSE)*1.5*BI54,0),0) -> 0 | BQ54: =IF(BI54>=$D$1,"적합","미달") -> 적합 | BS54: =IF(AT54="통상",BI54*8*5,IF(OR(AT54="스케줄",AT54="스케줄_파라"),BI54*100,"확인")) -> 530449.6 | BT54: =BG54+BS54/12 -> 3114204.1 | BU54: =(BF54-BO54*12)*0.0475 -> 1635900 | BV54: =(BF54-BO54*12)*0.036+(BF54-BO54*12)*0.036*0.1314 -> 1402755 | BW54: =(BF54-BO54*12)*(0.009+0.0065) -> 533820 | BX54: =(BF54-BO54*12)*0.0066 -> 227304 | BY54: =CB54/AY54 -> 3837500 | BZ54: =SUM(BF54,BS54:BT54) -> 40484654 | CA54: =SUM(BU54:BX54) -> 3799779 | CB54: =BF54*1.25 -> 46050000 | CC54: =AZ54-CB54-BP54*1.21 -> 1854000 | CD54: =IFERROR((CC54/AZ54)*100,0) -> 3.8702405
A55: =ROW()-3 -> 52 | B55: Yes | C55: 2014102 | D55: 이성전 위원 | E55: 박규성(이주형) | F55: 박성호 | G55: 차장 | H55: 초급하 | I55: 초급기술자 | J55: 하도급(M/M) | K55: NOC 엔지니어 | M55: 02-6266-3994 | N55: 010-2983-7410 | O55: poxy28@cnthoth.com | P55: 741026-1 | Q55: 37347 | R55: 41275 | S55: 41640 | T55: 명지전문대 | U55: 정보통신 | V55: 전문대졸 | W55: 정보처리기사 | Z55: =IF(Q55<>"",$A$1-Q55,"") -> 8814 | AA55: =$A$1-R55 -> 4886 | AD55: SKB동작국사 | AE55: 서울특별시 | AF55: 4. SKB/SK하이닉스 Infra 운영 | AG55: 4. SKB/SK하이닉스 Infra 운영 | AH55: SK AX | AI55: SKB(동작) | AJ55: 박규성 | AK55: 07063 | AL55: 서울시 동작구 여의대방로 74 (신대방동) SK브로드밴드 7층 | AM55: 12123 | AN55: 경기도 남양주시 퇴계원읍 도제원로 19, 101동 201호 (퇴계원읍, 강남아파트) | AO55: ICT Cloud팀 | AP55: SKB N/W 운영 | AQ55: N/W 관제, 장애 전파 및 처리, 상황실 NMS 등록/관리 | AS55: 에스케이브로드밴드(주) / SKB 26년 IT장비 및 소프트웨어 유지보수_1분기(4500302989-01) | AT55: 스케줄 | AU55: 정직원 | AV55: 씨앤토트플러스㈜ | AW55: 3992000 | AX55: 3992000 | AY55: 12 | AZ55: =AX55*AY55 -> 47904000 | BC55: 45839 | BD55: 33589560 | BE55: 34357200 | BF55: =BG55*12 -> 34357200 | BG55: =BH55+BM55+BN55+BO55 -> 2863100 | BH55: 2220200 | BI55: =ROUND((BH55+BO55)/BJ55,2) -> 12898.79 | BJ55: =IF(AT55="통상",209,VLOOKUP(AD55,'[2]스케줄 분석_20260109'!$B$3:$F$20,5,FALSE)) -> 187.63 | BK55: =IF(AT55="통상",15,VLOOKUP(AD55,'[2]스케줄 분석_20260109'!$B$3:$P$20,10,FALSE)) -> 29.11 | BL55: =IF(AT55="통상",0,VLOOKUP(AD55,'[2]스케줄 분석_20260109'!$B$3:$P$20,11,FALSE)) -> 39.54 | BM55: =IF(OR(AT55="통상",AT55="스케줄_파라"),ROUNDUP(BI55*BK55*1.5,-2),IF(OR(AT55="스케줄",AT55="휴직_스케줄"),ROUNDUP(BI55*BK55*0.5,-2),"확인바람")) -> 187800 | BN55: =ROUNDUP(BI55*BL55*0.5,-2) -> 255100 | BO55: 200000 | BP55: =IF(OR(AT55="스케줄",AT55="스케줄_파라"),ROUNDUP(VLOOKUP(AD55,'[2]스케줄 분석_20260109'!$B$3:$Y$20,23,FALSE)*(VLOOKUP(AD55,'[2]스케줄 분석_20260109'!$B$3:$Y$20,21,FALSE)/VLOOKUP(AD55,'[2]스케줄 분석_20260109'!$B$3:$Y$20,20,FALSE))*VLOOKUP(AD55,'[2]스케줄 분석_20260109'!$B$3:$Y$20,22,FALSE)*VLOOKUP(AD55,'[2]스케줄 분석_20260109'!$B$3:$Y$20,2,FALSE)*1.5*BI55,0),0) -> 2606812 | BQ55: =IF(BI55>=$D$1,"적합","미달") -> 적합 | BS55: =IF(AT55="통상",BI55*8*5,IF(OR(AT55="스케줄",AT55="스케줄_파라"),BI55*100,"확인")) -> 1289879 | BT55: =BG55+BS55/12 -> 2970589.9 | BU55: =(BF55-BO55*12)*0.0475 -> 1517967 | BV55: =(BF55-BO55*12)*0.036+(BF55-BO55*12)*0.036*0.1314 -> 1301629.5 | BW55: =(BF55-BO55*12)*(0.009+0.0065) -> 495336.6 | BX55: =(BF55-BO55*12)*0.0066 -> 210917.52 | BY55: =CB55/AY55 -> 3578875 | BZ55: =SUM(BF55,BS55:BT55) -> 38617669 | CA55: =SUM(BU55:BX55) -> 3525850.7 | CB55: =BF55*1.25 -> 42946500 | CC55: =AZ55-CB55-BP55*1.21 -> 1803257.5 | CD55: =IFERROR((CC55/AZ55)*100,0) -> 3.764315
A56: =ROW()-3 -> 53 | B56: Yes | C56: 2014103 | D56: 이성전 위원 | E56: 박규성(임명:김계운) | F56: 김계운 | G56: 부장 | H56: 중급하 | I56: 중급기술자 | J56: 하도급(M/M) | K56: 네트워크보안엔지니어 | M56: 02-6266-3994 | N56: 010-2748-4773 | O56: metalkkw@cnthoth.com | P56: 730515-1 | Q56: 37653 | R56: 41275 | S56: 41640 | T56: 경기한경대 | U56: 환경공학 | V56: 대졸 | W56: CCNA | X56: 정보처리기사 | Z56: =IF(Q56<>"",$A$1-Q56,"") -> 8508 | AA56: =$A$1-R56 -> 4886 | AD56: SKB 7층_동작 | AE56: 서울특별시 | AF56: 4. SKB/SK하이닉스 Infra 운영 | AG56: 4. SKB/SK하이닉스 Infra 운영 | AH56: SK AX | AI56: SKB(동작) | AJ56: 박규성 | AK56: 07063 | AL56: 서울시 동작구 여의대방로 74 (신대방동) SK브로드밴드 7층 | AM56: 05259 | AN56: 서울특별시 강동구 구천면로 55길 38, B02호 (암사동) | AO56: ICT Cloud팀 | AP56: SKB N/W 운영 | AQ56: 방화벽 운영 | AS56: 에스케이브로드밴드(주) / SKB 26년 IT장비 및 소프트웨어 유지보수_1분기(4500302989-01) | AT56: 통상 | AU56: 정직원 | AV56: 씨앤토트플러스㈜ | AW56: 4556000 | AX56: 4556000 | AY56: 12 | AZ56: =AX56*AY56 -> 54672000 | BC56: 45839 | BD56: 38004000 | BE56: 38862000 | BF56: =BG56*12 -> 38862000 | BG56: =BH56+BM56+BN56+BO56 -> 3238500 | BH56: 2723700 | BI56: =ROUND((BH56+BO56)/BJ56,2) -> 13989 | BJ56: =IF(AT56="통상",209,VLOOKUP(AD56,'[2]스케줄 분석_20260109'!$B$3:$F$20,5,FALSE)) -> 209 | BK56: =IF(AT56="통상",15,VLOOKUP(AD56,'[2]스케줄 분석_20260109'!$B$3:$P$20,10,FALSE)) -> 15 | BL56: =IF(AT56="통상",0,VLOOKUP(AD56,'[2]스케줄 분석_20260109'!$B$3:$P$20,11,FALSE)) -> 0 | BM56: =IF(OR(AT56="통상",AT56="스케줄_파라"),ROUNDUP(BI56*BK56*1.5,-2),IF(OR(AT56="스케줄",AT56="휴직_스케줄"),ROUNDUP(BI56*BK56*0.5,-2),"확인바람")) -> 314800 | BN56: =ROUNDUP(BI56*BL56*0.5,-2) -> 0 | BO56: 200000 | BP56: =IF(OR(AT56="스케줄",AT56="스케줄_파라"),ROUNDUP(VLOOKUP(AD56,'[2]스케줄 분석_20260109'!$B$3:$Y$20,23,FALSE)*(VLOOKUP(AD56,'[2]스케줄 분석_20260109'!$B$3:$Y$20,21,FALSE)/VLOOKUP(AD56,'[2]스케줄 분석_20260109'!$B$3:$Y$20,20,FALSE))*VLOOKUP(AD56,'[2]스케줄 분석_20260109'!$B$3:$Y$20,22,FALSE)*VLOOKUP(AD56,'[2]스케줄 분석_20260109'!$B$3:$Y$20,2,FALSE)*1.5*BI56,0),0) -> 0 | BQ56: =IF(BI56>=$D$1,"적합","미달") -> 적합 | BS56: =IF(AT56="통상",BI56*8*5,IF(OR(AT56="스케줄",AT56="스케줄_파라"),BI56*100,"확인")) -> 559560 | BT56: =BG56+BS56/12 -> 3285130 | BU56: =(BF56-BO56*12)*0.0475 -> 1731945 | BV56: =(BF56-BO56*12)*0.036+(BF56-BO56*12)*0.036*0.1314 -> 1485111.8 | BW56: =(BF56-BO56*12)*(0.009+0.0065) -> 565161 | BX56: =(BF56-BO56*12)*0.0066 -> 240649.2 | BY56: =CB56/AY56 -> 4048125 | BZ56: =SUM(BF56,BS56:BT56) -> 42706690 | CA56: =SUM(BU56:BX56) -> 4022867 | CB56: =BF56*1.25 -> 48577500 | CC56: =AZ56-CB56-BP56*1.21 -> 6094500 | CD56: =IFERROR((CC56/AZ56)*100,0) -> 11.147388
A57: =ROW()-3 -> 54 | B57: Yes | C57: 2014116 | D57: 정현섭 M | E57: 최재유(임명:김정호) | F57: 김정호 | G57: 과장 | H57: 중급하 | I57: 중급기술자 | J57: 하도급(M/M) | K57: 네트워크엔지니어 | M57: 02-6400-6072 | N57: 010-7124-2579 | O57: windboy6819@cnthoth.com | P57: 870214-1 | Q57: 40422 | R57: 40634 | S57: 41640 | T57: 서일대학 | V57: 전문대졸 | Z57: =IF(Q57<>"",$A$1-Q57,"") -> 5739 | AA57: =$A$1-R57 -> 5527 | AD57: SK㈜ U타워_정자 | AE57: 경기도 | AF57: 2. Network Service | AG57: 2. Network Service | AH57: SK AX | AI57: SK그룹사(공통) | AJ57: 최재유 | AK57: 13558 | AL57: 경기도 성남시 분당구 성남대로 343번길 9 SK U타워 3층 통신실 | AM57: 03361 | AN57: 서울특별시 은평구 진흥로19길 26-1, 301호 (불광동, 불광주택) | AO57: Network Service팀 | AP57: SKC&C, 그룹포탈 고객지원 | AQ57: N/W 구축 및 유지보수 | AS57: 고객사 공통 / 26년 SKAX Network 운영_1분기(4500302319-01) | AT57: 통상 | AU57: 정직원 | AV57: 씨앤토트플러스㈜ | AW57: 5359000 | AX57: 5359000 | AY57: 12 | AZ57: =AX57*AY57 -> 64308000 | BC57: 45839 | BD57: 42600000 | BE57: 43608000 | BF57: =BG57*12 -> 43608000 | BG57: =BH57+BM57+BN57+BO57 -> 3634000 | BH57: 3080800 | BI57: =ROUND((BH57+BO57)/BJ57,2) -> 15697.61 | BJ57: =IF(AT57="통상",209,VLOOKUP(AD57,'[2]스케줄 분석_20260109'!$B$3:$F$20,5,FALSE)) -> 209 | BK57: =IF(AT57="통상",15,VLOOKUP(AD57,'[2]스케줄 분석_20260109'!$B$3:$P$20,10,FALSE)) -> 15 | BL57: =IF(AT57="통상",0,VLOOKUP(AD57,'[2]스케줄 분석_20260109'!$B$3:$P$20,11,FALSE)) -> 0 | BM57: =IF(OR(AT57="통상",AT57="스케줄_파라"),ROUNDUP(BI57*BK57*1.5,-2),IF(OR(AT57="스케줄",AT57="휴직_스케줄"),ROUNDUP(BI57*BK57*0.5,-2),"확인바람")) -> 353200 | BN57: =ROUNDUP(BI57*BL57*0.5,-2) -> 0 | BO57: 200000 | BP57: =IF(OR(AT57="스케줄",AT57="스케줄_파라"),ROUNDUP(VLOOKUP(AD57,'[2]스케줄 분석_20260109'!$B$3:$Y$20,23,FALSE)*(VLOOKUP(AD57,'[2]스케줄 분석_20260109'!$B$3:$Y$20,21,FALSE)/VLOOKUP(AD57,'[2]스케줄 분석_20260109'!$B$3:$Y$20,20,FALSE))*VLOOKUP(AD57,'[2]스케줄 분석_20260109'!$B$3:$Y$20,22,FALSE)*VLOOKUP(AD57,'[2]스케줄 분석_20260109'!$B$3:$Y$20,2,FALSE)*1.5*BI57,0),0) -> 0 | BQ57: =IF(BI57>=$D$1,"적합","미달") -> 적합 | BS57: =IF(AT57="통상",BI57*8*5,IF(OR(AT57="스케줄",AT57="스케줄_파라"),BI57*100,"확인")) -> 627904.4 | BT57: =BG57+BS57/12 -> 3686325.4 | BU57: =(BF57-BO57*12)*0.0475 -> 1957380 | BV57: =(BF57-BO57*12)*0.036+(BF57-BO57*12)*0.036*0.1314 -> 1678418.3 | BW57: =(BF57-BO57*12)*(0.009+0.0065) -> 638724 | BX57: =(BF57-BO57*12)*0.0066 -> 271972.8 | BY57: =CB57/AY57 -> 4542500 | BZ57: =SUM(BF57,BS57:BT57) -> 47922230 | CA57: =SUM(BU57:BX57) -> 4546495.1 | CB57: =BF57*1.25 -> 54510000 | CC57: =AZ57-CB57-BP57*1.21 -> 9798000 | CD57: =IFERROR((CC57/AZ57)*100,0) -> 15.236052
A58: =ROW()-3 -> 55 | B58: Yes | C58: 2014121 | D58: 신상선 M, 진교성 M | E58: 임봉영 | F58: 유성 | G58: 과장 | H58: 초급상 | I58: 초급기술자 | J58: 하도급(M/M) | K58: IT 인프라 현장대응 엔지니어 | M58: 031-630-3384 | N58: 010-8804-1528 | O58: ryu00304@cnthoth.com | P58: 870304-1 | Q58: 41122 | R58: 41218 | S58: 41640 | T58: 경기과학기술대학 | V58: 전문대졸 | Z58: =IF(Q58<>"",$A$1-Q58,"") -> 5039 | AA58: =$A$1-R58 -> 4943 | AD58: 이천HN_대응 | AE58: 경기도 | AF58: 4. SKB/SK하이닉스 Infra 운영 | AG58: 4. SKB/SK하이닉스 Infra 운영 | AH58: SK AX | AI58: SK하이닉스(이천) | AJ58: 임봉영 | AK58: 17336 | AL58: 경기도 이천시 부발읍 경충대로 2091, SK하이닉스 기술지원센터 2층 SKHDC2 | AM58: 17333 | AN58: 경기도 이천시 부발읍 경충대로2050번길 103-30, 1동 501호 (부발읍) | AO58: Hynix Cloud팀 | AP58: 인프라 장애 긴급 대응 | AQ58: 인프라 장비 장애 발생시 현장대응 | AS58: 에스케이하이닉스(주) / SKHy '26년 ITO_데이타관제_1분기(4500303464-01) | AT58: 스케줄 | AU58: 정직원 | AV58: 씨앤토트플러스㈜ | AW58: 5151000 | AX58: 5151000 | AY58: 12 | AZ58: =AX58*AY58 -> 61812000 | BC58: 45839 | BD58: 35904960 | BE58: 36865200 | BF58: =BG58*12 -> 36865200 | BG58: =BH58+BM58+BN58+BO58 -> 3072100 | BH58: 2210400 | BI58: =ROUND((BH58+BO58)/BJ58,2) -> 15419.65 | BJ58: =IF(AT58="통상",209,VLOOKUP(AD58,'[2]스케줄 분석_20260109'!$B$3:$F$20,5,FALSE)) -> 156.32 | BK58: =IF(AT58="통상",15,VLOOKUP(AD58,'[2]스케줄 분석_20260109'!$B$3:$P$20,10,FALSE)) -> 36.39 | BL58: =IF(AT58="통상",0,VLOOKUP(AD58,'[2]스케줄 분석_20260109'!$B$3:$P$20,11,FALSE)) -> 49.43 | BM58: =IF(OR(AT58="통상",AT58="스케줄_파라"),ROUNDUP(BI58*BK58*1.5,-2),IF(OR(AT58="스케줄",AT58="휴직_스케줄"),ROUNDUP(BI58*BK58*0.5,-2),"확인바람")) -> 280600 | BN58: =ROUNDUP(BI58*BL58*0.5,-2) -> 381100 | BO58: 200000 | BP58: =IF(OR(AT58="스케줄",AT58="스케줄_파라"),ROUNDUP(VLOOKUP(AD58,'[2]스케줄 분석_20260109'!$B$3:$Y$20,23,FALSE)*(VLOOKUP(AD58,'[2]스케줄 분석_20260109'!$B$3:$Y$20,21,FALSE)/VLOOKUP(AD58,'[2]스케줄 분석_20260109'!$B$3:$Y$20,20,FALSE))*VLOOKUP(AD58,'[2]스케줄 분석_20260109'!$B$3:$Y$20,22,FALSE)*VLOOKUP(AD58,'[2]스케줄 분석_20260109'!$B$3:$Y$20,2,FALSE)*1.5*BI58,0),0) -> 2902750 | BQ58: =IF(BI58>=$D$1,"적합","미달") -> 적합 | BS58: =IF(AT58="통상",BI58*8*5,IF(OR(AT58="스케줄",AT58="스케줄_파라"),BI58*100,"확인")) -> 1541965 | BT58: =BG58+BS58/12 -> 3200597.1 | BU58: =(BF58-BO58*12)*0.0475 -> 1637097 | BV58: =(BF58-BO58*12)*0.036+(BF58-BO58*12)*0.036*0.1314 -> 1403781.4 | BW58: =(BF58-BO58*12)*(0.009+0.0065) -> 534210.6 | BX58: =(BF58-BO58*12)*0.0066 -> 227470.32 | BY58: =CB58/AY58 -> 3840125 | BZ58: =SUM(BF58,BS58:BT58) -> 41607762 | CA58: =SUM(BU58:BX58) -> 3802559.3 | CB58: =BF58*1.25 -> 46081500 | CC58: =AZ58-CB58-BP58*1.21 -> 12218172 | CD58: =IFERROR((CC58/AZ58)*100,0) -> 19.766667
A59: =ROW()-3 -> 56 | B59: Yes | C59: 2014124 | D59: 엄상경 M, 진교성 M | E59: 곽경석 | F59: 이태희 | G59: 과장 | H59: 중급하 | I59: 초급기술자 | J59: 하도급(M/M) | K59: 안전관리원 | L59: 박승혁 후임 | M59: 043-280-5802 | N59: 010-4860-3700 | O59: arzento82@cnthoth.com | P59: 820527-1 | Q59: 41218 | R59: 41218 | S59: 41640 | T59: 충청대학교 | U59: 소프트웨어개발과 | V59: 전문대졸 | W59: 정보처리산업기사 | X59: 정보기기운용기능사 | Z59: =IF(Q59<>"",$A$1-Q59,"") -> 4943 | AA59: =$A$1-R59 -> 4943 | AD59: 청주HN_OP_주간 | AE59: 경기도외 | AF59: 4. SKB/SK하이닉스 Infra 운영 | AG59: 4. SKB/SK하이닉스 Infra 운영 | AH59: SK AX | AI59: SK하이닉스(청주) | AJ59: 곽경석 | AK59: 28436 | AL59: 충청북도 청주시 흥덕구 직지대로 337 (향정동) , SKHDC4 (M11 3F) | AM59: 28742 | AN59: 충청북도 청주시 상당구 영운천로55번길 43 (영운동) | AO59: Hynix Cloud팀 | AP59: 청주 DC 운영 | AQ59: 일반 안전관리 | AR59: / 장비 반입반출 안전관리 | AS59: 에스케이하이닉스(주) / SKHy '26년 ITO_데이타관제_1분기(4500303464-01) | AT59: 통상 | AU59: 정직원 | AV59: 씨앤토트플러스㈜ | AW59: 5514000 | AX59: 5514000 | AY59: 12 | AZ59: =AX59*AY59 -> 66168000 | BC59: 45839 | BD59: 37032000 | BE59: 38568000 | BF59: =BG59*12 -> 38568000 | BG59: =BH59+BM59+BN59+BO59 -> 3214000 | BH59: 2701600 | BI59: =ROUND((BH59+BO59)/BJ59,2) -> 13883.25 | BJ59: =IF(AT59="통상",209,VLOOKUP(AD59,'[2]스케줄 분석_20260109'!$B$3:$F$20,5,FALSE)) -> 209 | BK59: =IF(AT59="통상",15,VLOOKUP(AD59,'[2]스케줄 분석_20260109'!$B$3:$P$20,10,FALSE)) -> 15 | BL59: =IF(AT59="통상",0,VLOOKUP(AD59,'[2]스케줄 분석_20260109'!$B$3:$P$20,11,FALSE)) -> 0 | BM59: =IF(OR(AT59="통상",AT59="스케줄_파라"),ROUNDUP(BI59*BK59*1.5,-2),IF(OR(AT59="스케줄",AT59="휴직_스케줄"),ROUNDUP(BI59*BK59*0.5,-2),"확인바람")) -> 312400 | BN59: =ROUNDUP(BI59*BL59*0.5,-2) -> 0 | BO59: 200000 | BP59: =IF(OR(AT59="스케줄",AT59="스케줄_파라"),ROUNDUP(VLOOKUP(AD59,'[2]스케줄 분석_20260109'!$B$3:$Y$20,23,FALSE)*(VLOOKUP(AD59,'[2]스케줄 분석_20260109'!$B$3:$Y$20,21,FALSE)/VLOOKUP(AD59,'[2]스케줄 분석_20260109'!$B$3:$Y$20,20,FALSE))*VLOOKUP(AD59,'[2]스케줄 분석_20260109'!$B$3:$Y$20,22,FALSE)*VLOOKUP(AD59,'[2]스케줄 분석_20260109'!$B$3:$Y$20,2,FALSE)*1.5*BI59,0),0) -> 0 | BQ59: =IF(BI59>=$D$1,"적합","미달") -> 적합 | BS59: =IF(AT59="통상",BI59*8*5,IF(OR(AT59="스케줄",AT59="스케줄_파라"),BI59*100,"확인")) -> 555330 | BT59: =BG59+BS59/12 -> 3260277.5 | BU59: =(BF59-BO59*12)*0.0475 -> 1717980 | BV59: =(BF59-BO59*12)*0.036+(BF59-BO59*12)*0.036*0.1314 -> 1473137.1 | BW59: =(BF59-BO59*12)*(0.009+0.0065) -> 560604 | BX59: =(BF59-BO59*12)*0.0066 -> 238708.8 | BY59: =CB59/AY59 -> 4017500 | BZ59: =SUM(BF59,BS59:BT59) -> 42383608 | CA59: =SUM(BU59:BX59) -> 3990429.9 | CB59: =BF59*1.25 -> 48210000 | CC59: =AZ59-CB59-BP59*1.21 -> 17958000 | CD59: =IFERROR((CC59/AZ59)*100,0) -> 27.140007
A60: =ROW()-3 -> 57 | B60: Yes | C60: 2014163 | D60: 신상선 M, 진교성 M | E60: 임봉영 | F60: 임봉영 | G60: 부장 | H60: 중급상 | I60: 중급기술자 | J60: 하도급(M/M) | K60: 서비스 관제 센터장 | M60: 031-5185-3384 | N60: 010-3409-5608 | O60: bylim@cnthoth.com | P60: 751223-1 | Q60: 38047 | R60: 41699 | T60: 경민대학 | U60: 전자계산학과, 학점은행제(학사) 이수 | V60: 대졸 | W60: 정보처리산업기사 | X60: 네트워크관리사2급 | Y60: CCNA | Z60: =IF(Q60<>"",$A$1-Q60,"") -> 8114 | AA60: =$A$1-R60 -> 4462 | AD60: 이천HN_OP_주간 | AE60: 경기도 | AF60: 4. SKB/SK하이닉스 Infra 운영 | AG60: 4. SKB/SK하이닉스 Infra 운영 | AH60: SK AX | AI60: SK하이닉스(이천) | AJ60: 임봉영 | AK60: 17336 | AL60: 경기도 이천시 부발읍 경충대로 2091, SK하이닉스 기술지원센터 2층 SKHDC2 | AM60: 16402 | AN60: 경기도 수원시 권선구 호매실로218번길 111, 1302동 1503호 (호매실동,호매실마을13단지) | AO60: Hynix Cloud팀 | AP60: 이천 DC 운영 | AQ60: 센터 총괄 운영 | AS60: 에스케이하이닉스(주) / SKHy '26년 ITO_데이타관제_1분기(4500303464-01) | AT60: 통상 | AU60: 정직원 | AV60: 씨앤토트플러스㈜ | AW60: 5610000 | AX60: 5610000 | AY60: 12 | AZ60: =AX60*AY60 -> 67320000 | BC60: 45839 | BD60: 61800000 | BE60: 62856000 | BF60: =BG60*12 -> 62856000 | BG60: =BH60+BM60+BN60+BO60 -> 5238000 | BH60: 4528900 | BI60: =ROUND((BH60+BO60)/BJ60,2) -> 22626.32 | BJ60: =IF(AT60="통상",209,VLOOKUP(AD60,'[2]스케줄 분석_20260109'!$B$3:$F$20,5,FALSE)) -> 209 | BK60: =IF(AT60="통상",15,VLOOKUP(AD60,'[2]스케줄 분석_20260109'!$B$3:$P$20,10,FALSE)) -> 15 | BL60: =IF(AT60="통상",0,VLOOKUP(AD60,'[2]스케줄 분석_20260109'!$B$3:$P$20,11,FALSE)) -> 0 | BM60: =IF(OR(AT60="통상",AT60="스케줄_파라"),ROUNDUP(BI60*BK60*1.5,-2),IF(OR(AT60="스케줄",AT60="휴직_스케줄"),ROUNDUP(BI60*BK60*0.5,-2),"확인바람")) -> 509100 | BN60: =ROUNDUP(BI60*BL60*0.5,-2) -> 0 | BO60: 200000 | BP60: =IF(OR(AT60="스케줄",AT60="스케줄_파라"),ROUNDUP(VLOOKUP(AD60,'[2]스케줄 분석_20260109'!$B$3:$Y$20,23,FALSE)*(VLOOKUP(AD60,'[2]스케줄 분석_20260109'!$B$3:$Y$20,21,FALSE)/VLOOKUP(AD60,'[2]스케줄 분석_20260109'!$B$3:$Y$20,20,FALSE))*VLOOKUP(AD60,'[2]스케줄 분석_20260109'!$B$3:$Y$20,22,FALSE)*VLOOKUP(AD60,'[2]스케줄 분석_20260109'!$B$3:$Y$20,2,FALSE)*1.5*BI60,0),0) -> 0 | BQ60: =IF(BI60>=$D$1,"적합","미달") -> 적합 | BS60: =IF(AT60="통상",BI60*8*5,IF(OR(AT60="스케줄",AT60="스케줄_파라"),BI60*100,"확인")) -> 905052.8 | BT60: =BG60+BS60/12 -> 5313421.1 | BU60: =(BF60-BO60*12)*0.0475 -> 2871660 | BV60: =(BF60-BO60*12)*0.036+(BF60-BO60*12)*0.036*0.1314 -> 2462397.1 | BW60: =(BF60-BO60*12)*(0.009+0.0065) -> 937068 | BX60: =(BF60-BO60*12)*0.0066 -> 399009.6 | BY60: =CB60/AY60 -> 6547500 | BZ60: =SUM(BF60,BS60:BT60) -> 69074474 | CA60: =SUM(BU60:BX60) -> 6670134.7 | CB60: =BF60*1.25 -> 78570000 | CC60: =AZ60-CB60-BP60*1.21 -> -11250000 | CD60: =IFERROR((CC60/AZ60)*100,0) -> -16.71123
A61: =ROW()-3 -> 58 | B61: Yes | C61: 2014170 | D61: 박귀진 M, 유석민 M | E61: 이기홍 | F61: 이현진 | G61: 차장 | H61: 중급상 | I61: 중급기술자 | J61: 하도급(FTE) | K61: 서버엔지니어 | L61: 김만 후임 | M61: 02-6343-9325 | N61: 010-2980-0063 | O61: lstfin83@cnthoth.com | P61: 830617-1 | Q61: 38991 | R61: 41799 | T61: 경기과학기술대학교 | U61: 컴퓨터정보시스템 | V61: 대졸 | W61: CSA | Z61: =IF(Q61<>"",$A$1-Q61,"") -> 7170 | AA61: =$A$1-R61 -> 4362 | AD61: SKT장안국사_주간 | AE61: 서울특별시 | AF61: 3. 콜센터 & 금융 & 기타 | AG61: 3. 콜센터 & 금융 & 기타 | AH61: SK AX | AI61: SKT(장안콜센터) | AJ61: 이기홍 | AK61: 02635 | AL61: 서울시 동대문구 장한로3길 34 SKT 장안고객센터 구관 2층 시스템 운영실 | AM61: 01764 | AN61: 서울특별시 노원구 동일로215길 23, 207동 1109호 (상계동, 상계주공2단지아파트) | AO61: T Biz. Cloud팀 | AP61: SKT 서버 운영 | AQ61: Linux 서버 운영 | AS61: 고객사 공통 / 2026년_ICT운영171_1분기(4500303362-01) | AT61: 통상 | AU61: 정직원 | AV61: 씨앤토트플러스㈜ | AW61: 6278000 | AX61: 6278000 | AY61: 12 | AZ61: =AX61*AY61 -> 75336000 | BC61: 45839 | BD61: 50604000 | BE61: 52044000 | BF61: =BG61*12 -> 52044000 | BG61: =BH61+BM61+BN61+BO61 -> 4337000 | BH61: 3715400 | BI61: =ROUND((BH61+BO61)/BJ61,2) -> 18733.97 | BJ61: =IF(AT61="통상",209,VLOOKUP(AD61,'[2]스케줄 분석_20260109'!$B$3:$F$20,5,FALSE)) -> 209 | BK61: =IF(AT61="통상",15,VLOOKUP(AD61,'[2]스케줄 분석_20260109'!$B$3:$P$20,10,FALSE)) -> 15 | BL61: =IF(AT61="통상",0,VLOOKUP(AD61,'[2]스케줄 분석_20260109'!$B$3:$P$20,11,FALSE)) -> 0 | BM61: =IF(OR(AT61="통상",AT61="스케줄_파라"),ROUNDUP(BI61*BK61*1.5,-2),IF(OR(AT61="스케줄",AT61="휴직_스케줄"),ROUNDUP(BI61*BK61*0.5,-2),"확인바람")) -> 421600 | BN61: =ROUNDUP(BI61*BL61*0.5,-2) -> 0 | BO61: 200000 | BP61: =IF(OR(AT61="스케줄",AT61="스케줄_파라"),ROUNDUP(VLOOKUP(AD61,'[2]스케줄 분석_20260109'!$B$3:$Y$20,23,FALSE)*(VLOOKUP(AD61,'[2]스케줄 분석_20260109'!$B$3:$Y$20,21,FALSE)/VLOOKUP(AD61,'[2]스케줄 분석_20260109'!$B$3:$Y$20,20,FALSE))*VLOOKUP(AD61,'[2]스케줄 분석_20260109'!$B$3:$Y$20,22,FALSE)*VLOOKUP(AD61,'[2]스케줄 분석_20260109'!$B$3:$Y$20,2,FALSE)*1.5*BI61,0),0) -> 0 | BQ61: =IF(BI61>=$D$1,"적합","미달") -> 적합 | BS61: =IF(AT61="통상",BI61*8*5,IF(OR(AT61="스케줄",AT61="스케줄_파라"),BI61*100,"확인")) -> 749358.8 | BT61: =BG61+BS61/12 -> 4399446.6 | BU61: =(BF61-BO61*12)*0.0475 -> 2358090 | BV61: =(BF61-BO61*12)*0.036+(BF61-BO61*12)*0.036*0.1314 -> 2022020 | BW61: =(BF61-BO61*12)*(0.009+0.0065) -> 769482 | BX61: =(BF61-BO61*12)*0.0066 -> 327650.4 | BY61: =CB61/AY61 -> 5421250 | BZ61: =SUM(BF61,BS61:BT61) -> 57192805 | CA61: =SUM(BU61:BX61) -> 5477242.4 | CB61: =BF61*1.25 -> 65055000 | CC61: =AZ61-CB61-BP61*1.21 -> 10281000 | CD61: =IFERROR((CC61/AZ61)*100,0) -> 13.646862
A62: =ROW()-3 -> 59 | B62: Yes | C62: 2014176 | D62: 박귀진 M, 이범철 M | E62: 이정민 | F62: 이정민80 | G62: 차장 | H62: 고급하 | I62: 고급기술자 | J62: 하도급(FTE) | K62: 서버엔지니어 | L62: 고광연 후임 | M62: 02-3700-7227 | N62: 010-5910-3331 | O62: qassqort@cnthoth.com | P62: 800606-1 | Q62: 39417 | R62: 41834 | T62: 신흥대학교 | V62: 전문대졸 | W62: 오라클8i | Z62: =IF(Q62<>"",$A$1-Q62,"") -> 6744 | AA62: =$A$1-R62 -> 4327 | AD62: 관훈빌딩_종로 | AE62: 서울특별시 | AF62: 1. Infra 운영 | AG62: 1. Infra 운영 | AH62: SK AX | AI62: SK에코플랜트(종로) | AJ62: 임정재 | AK62: 03149 | AL62: 서울시 종로구 인사동7길 32, SK에코플랜트 관훈빌딩(정보기술팀) 11층 | AM62: 04780 | AN62: 서울특별시 성동구 뚝섬로3나길 17 (성수동1가) | AO62: 제조/환경Cloud팀 | AP62: SK 에코플랜트 서버 운영 | AQ62: Windows 서버 운영 | AR62: / Linux 서버 운영 | AS62: 고객사 공통 / 2026년_인프라운영_HC22_01_1분기 (4500303129-01) | AT62: 통상 | AU62: 정직원 | AV62: 씨앤토트플러스㈜ | AW62: 6330000 | AX62: 6330000 | AY62: 12 | AZ62: =AX62*AY62 -> 75960000 | BC62: 45839 | BD62: 50364000 | BE62: 51564000 | BF62: =BG62*12 -> 51564000 | BG62: =BH62+BM62+BN62+BO62 -> 4297000 | BH62: 3679300 | BI62: =ROUND((BH62+BO62)/BJ62,2) -> 18561.24 | BJ62: =IF(AT62="통상",209,VLOOKUP(AD62,'[2]스케줄 분석_20260109'!$B$3:$F$20,5,FALSE)) -> 209 | BK62: =IF(AT62="통상",15,VLOOKUP(AD62,'[2]스케줄 분석_20260109'!$B$3:$P$20,10,FALSE)) -> 15 | BL62: =IF(AT62="통상",0,VLOOKUP(AD62,'[2]스케줄 분석_20260109'!$B$3:$P$20,11,FALSE)) -> 0 | BM62: =IF(OR(AT62="통상",AT62="스케줄_파라"),ROUNDUP(BI62*BK62*1.5,-2),IF(OR(AT62="스케줄",AT62="휴직_스케줄"),ROUNDUP(BI62*BK62*0.5,-2),"확인바람")) -> 417700 | BN62: =ROUNDUP(BI62*BL62*0.5,-2) -> 0 | BO62: 200000 | BP62: =IF(OR(AT62="스케줄",AT62="스케줄_파라"),ROUNDUP(VLOOKUP(AD62,'[2]스케줄 분석_20260109'!$B$3:$Y$20,23,FALSE)*(VLOOKUP(AD62,'[2]스케줄 분석_20260109'!$B$3:$Y$20,21,FALSE)/VLOOKUP(AD62,'[2]스케줄 분석_20260109'!$B$3:$Y$20,20,FALSE))*VLOOKUP(AD62,'[2]스케줄 분석_20260109'!$B$3:$Y$20,22,FALSE)*VLOOKUP(AD62,'[2]스케줄 분석_20260109'!$B$3:$Y$20,2,FALSE)*1.5*BI62,0),0) -> 0 | BQ62: =IF(BI62>=$D$1,"적합","미달") -> 적합 | BS62: =IF(AT62="통상",BI62*8*5,IF(OR(AT62="스케줄",AT62="스케줄_파라"),BI62*100,"확인")) -> 742449.6 | BT62: =BG62+BS62/12 -> 4358870.8 | BU62: =(BF62-BO62*12)*0.0475 -> 2335290 | BV62: =(BF62-BO62*12)*0.036+(BF62-BO62*12)*0.036*0.1314 -> 2002469.4 | BW62: =(BF62-BO62*12)*(0.009+0.0065) -> 762042 | BX62: =(BF62-BO62*12)*0.0066 -> 324482.4 | BY62: =CB62/AY62 -> 5371250 | BZ62: =SUM(BF62,BS62:BT62) -> 56665320 | CA62: =SUM(BU62:BX62) -> 5424283.8 | CB62: =BF62*1.25 -> 64455000 | CC62: =AZ62-CB62-BP62*1.21 -> 11505000 | CD62: =IFERROR((CC62/AZ62)*100,0) -> 15.14613
A63: =ROW()-3 -> 60 | B63: Yes | C63: 2014181 | D63: 김태형 M | E63: 최재유(임명:유재현) | F63: 장승정 | G63: 차장 | H63: 중급하 | I63: 중급기술자 | J63: 하도급(FTE) | K63: 네트워크보안엔지니어 | L63: 홍순덕 후임 | M63: 02-6400-7020 | N63: 010-2211-0408 | O63: redclub0408@cnthoth.com | P63: 880408-1 | Q63: 40848 | R63: 41555 | S63: 41852 | T63: 세명대학교 | U63: 컴퓨터학부 | V63: 대졸 | Z63: =IF(Q63<>"",$A$1-Q63,"") -> 5313 | AA63: =$A$1-R63 -> 4606 | AD63: SK AX A동 1F_판교 | AE63: 경기도 | AF63: 2. Network Service | AG63: 2. Network Service | AH63: SK AX | AI63: SK그룹사(공통) | AJ63: 최재유 | AK63: 13486 | AL63: 경기도 성남시 분당구 판교로 255번길 46 SK C&C 판교캠퍼스 A동 4층 | AM63: 14526 | AN63: 경기도 부천시 원미구 삼작로 268번길 53-8 주영홈타운 101동 801호 | AO63: Network Service팀 | AP63: SK전체(DHCP, VPN) N/W 보안 운영 | AQ63: DNS 서버 관리 | AR63: / IP 할당 관리 | AS63: 고객사 공통 / 2026년_인프라운영_HC11_1분기(4500303149-01) | AT63: 통상 | AU63: 정직원 | AV63: 씨앤토트플러스㈜ | AW63: 5569000 | AX63: 5569000 | AY63: 12 | AZ63: =AX63*AY63 -> 66828000 | BC63: 45839 | BD63: 47808000 | BE63: 49248000 | BF63: =BG63*12 -> 49248000 | BG63: =BH63+BM63+BN63+BO63 -> 4104000 | BH63: 3505100 | BI63: =ROUND((BH63+BO63)/BJ63,2) -> 17727.75 | BJ63: =IF(AT63="통상",209,VLOOKUP(AD63,'[2]스케줄 분석_20260109'!$B$3:$F$20,5,FALSE)) -> 209 | BK63: =IF(AT63="통상",15,VLOOKUP(AD63,'[2]스케줄 분석_20260109'!$B$3:$P$20,10,FALSE)) -> 15 | BL63: =IF(AT63="통상",0,VLOOKUP(AD63,'[2]스케줄 분석_20260109'!$B$3:$P$20,11,FALSE)) -> 0 | BM63: =IF(OR(AT63="통상",AT63="스케줄_파라"),ROUNDUP(BI63*BK63*1.5,-2),IF(OR(AT63="스케줄",AT63="휴직_스케줄"),ROUNDUP(BI63*BK63*0.5,-2),"확인바람")) -> 398900 | BN63: =ROUNDUP(BI63*BL63*0.5,-2) -> 0 | BO63: 200000 | BP63: =IF(OR(AT63="스케줄",AT63="스케줄_파라"),ROUNDUP(VLOOKUP(AD63,'[2]스케줄 분석_20260109'!$B$3:$Y$20,23,FALSE)*(VLOOKUP(AD63,'[2]스케줄 분석_20260109'!$B$3:$Y$20,21,FALSE)/VLOOKUP(AD63,'[2]스케줄 분석_20260109'!$B$3:$Y$20,20,FALSE))*VLOOKUP(AD63,'[2]스케줄 분석_20260109'!$B$3:$Y$20,22,FALSE)*VLOOKUP(AD63,'[2]스케줄 분석_20260109'!$B$3:$Y$20,2,FALSE)*1.5*BI63,0),0) -> 0 | BQ63: =IF(BI63>=$D$1,"적합","미달") -> 적합 | BS63: =IF(AT63="통상",BI63*8*5,IF(OR(AT63="스케줄",AT63="스케줄_파라"),BI63*100,"확인")) -> 709110 | BT63: =BG63+BS63/12 -> 4163092.5 | BU63: =(BF63-BO63*12)*0.0475 -> 2225280 | BV63: =(BF63-BO63*12)*0.036+(BF63-BO63*12)*0.036*0.1314 -> 1908137.8 | BW63: =(BF63-BO63*12)*(0.009+0.0065) -> 726144 | BX63: =(BF63-BO63*12)*0.0066 -> 309196.8 | BY63: =CB63/AY63 -> 5130000 | BZ63: =SUM(BF63,BS63:BT63) -> 54120202 | CA63: =SUM(BU63:BX63) -> 5168758.6 | CB63: =BF63*1.25 -> 61560000 | CC63: =AZ63-CB63-BP63*1.21 -> 5268000 | CD63: =IFERROR((CC63/AZ63)*100,0) -> 7.8829233
A64: =ROW()-3 -> 61 | B64: Yes | C64: 2014192 | D64: 김태형 M, 이범철 M | E64: 정태옥(임명:김지원) | F64: 김지원 | G64: 차장 | H64: 고급하 | I64: 고급기술자 | J64: 하도급(FTE) | K64: M/W 엔지니어 | L64: 2018_신규 | M64: 02-6400-0366 | N64: 010-2088-6182 | O64: ddoly3@cnthoth.com | P64: 780727-1 | Q64: 39753 | R64: 41932 | T64: 한양대학교 | U64: 컴퓨터공학과 | V64: 대졸 | Z64: =IF(Q64<>"",$A$1-Q64,"") -> 6408 | AA64: =$A$1-R64 -> 4229 | AD64: 분당지웰푸르지오_수내 | AE64: 경기도 | AF64: 1. Infra 운영 | AG64: 1. Infra 운영 | AH64: SK AX | AI64: SK그룹사(공통) | AJ64: 김홍범 | AK64: 13594 | AL64: 경기도 성남시 분당구 수내로 39 분당지웰푸르지오아파트 오피스 6층 | AM64: 03166 | AN64: 서울특별시 종로구 송월길130 경희궁자이 103동 805호 | AO64: T Biz. Cloud팀 | AP64: Middleware 운영 | AQ64: WAS 운영 | AS64: 고객사 공통 / 2026년_인프라운영_HC12_1분기(4500303380-01) | AT64: 통상 | AU64: 정직원 | AV64: 씨앤토트플러스㈜ | AW64: 6905000 | AX64: 6905000 | AY64: 12 | AZ64: =AX64*AY64 -> 82860000 | BC64: 45839 | BD64: 54804000 | BE64: 56004000 | BF64: =BG64*12 -> 56004000 | BG64: =BH64+BM64+BN64+BO64 -> 4667000 | BH64: 4013400 | BI64: =ROUND((BH64+BO64)/BJ64,2) -> 20159.81 | BJ64: =IF(AT64="통상",209,VLOOKUP(AD64,'[2]스케줄 분석_20260109'!$B$3:$F$20,5,FALSE)) -> 209 | BK64: =IF(AT64="통상",15,VLOOKUP(AD64,'[2]스케줄 분석_20260109'!$B$3:$P$20,10,FALSE)) -> 15 | BL64: =IF(AT64="통상",0,VLOOKUP(AD64,'[2]스케줄 분석_20260109'!$B$3:$P$20,11,FALSE)) -> 0 | BM64: =IF(OR(AT64="통상",AT64="스케줄_파라"),ROUNDUP(BI64*BK64*1.5,-2),IF(OR(AT64="스케줄",AT64="휴직_스케줄"),ROUNDUP(BI64*BK64*0.5,-2),"확인바람")) -> 453600 | BN64: =ROUNDUP(BI64*BL64*0.5,-2) -> 0 | BO64: 200000 | BP64: =IF(OR(AT64="스케줄",AT64="스케줄_파라"),ROUNDUP(VLOOKUP(AD64,'[2]스케줄 분석_20260109'!$B$3:$Y$20,23,FALSE)*(VLOOKUP(AD64,'[2]스케줄 분석_20260109'!$B$3:$Y$20,21,FALSE)/VLOOKUP(AD64,'[2]스케줄 분석_20260109'!$B$3:$Y$20,20,FALSE))*VLOOKUP(AD64,'[2]스케줄 분석_20260109'!$B$3:$Y$20,22,FALSE)*VLOOKUP(AD64,'[2]스케줄 분석_20260109'!$B$3:$Y$20,2,FALSE)*1.5*BI64,0),0) -> 0 | BQ64: =IF(BI64>=$D$1,"적합","미달") -> 적합 | BS64: =IF(AT64="통상",BI64*8*5,IF(OR(AT64="스케줄",AT64="스케줄_파라"),BI64*100,"확인")) -> 806392.4 | BT64: =BG64+BS64/12 -> 4734199.4 | BU64: =(BF64-BO64*12)*0.0475 -> 2546190 | BV64: =(BF64-BO64*12)*0.036+(BF64-BO64*12)*0.036*0.1314 -> 2183312.4 | BW64: =(BF64-BO64*12)*(0.009+0.0065) -> 830862 | BX64: =(BF64-BO64*12)*0.0066 -> 353786.4 | BY64: =CB64/AY64 -> 5833750 | BZ64: =SUM(BF64,BS64:BT64) -> 61544592 | CA64: =SUM(BU64:BX64) -> 5914150.8 | CB64: =BF64*1.25 -> 70005000 | CC64: =AZ64-CB64-BP64*1.21 -> 12855000 | CD64: =IFERROR((CC64/AZ64)*100,0) -> 15.51412
A65: =ROW()-3 -> 62 | B65: Yes | C65: 2015068 | D65: 천형준 M | E65: 윤영원 | F65: 윤영원 | G65: 부장 | H65: 중급상 | I65: 중급기술자 | J65: 하도급(M/M) | K65: 서버엔지니어 | L65: 2015_신규 | N65: 010-3254-4852 | O65: yywchrist@cnthoth.com | P65: 751225-1 | Q65: 37865 | R65: 42186 | T65: 단국대학교 | U65: 전산통계학과 | V65: 대졸 | W65: CCNA | X65: 정보처리기사 | Z65: =IF(Q65<>"",$A$1-Q65,"") -> 8296 | AA65: =$A$1-R65 -> 3975 | AD65: SKT 6F_성수 | AE65: 서울특별시 | AF65: 1. Infra 운영 | AG65: 1. Infra 운영 | AH65: SK AX | AI65: SKT(성수) | AJ65: 개인 | AK65: 04799 | AL65: 서울시 성동구 광나루로6길 36(성수동2가) SKT 성수사옥 6층 | AM65: 10523 | AN65: 경기도 고양시 덕양구 무원로 2, 202호 (행신동,센스빌1차) | AO65: ICT Cloud팀 | AP65: SKP 서버 운영 | AQ65: Linux 서버 운영 | AS65: 에스케이 플래닛(주) / SKP 25년 위탁운영 서비스 유지보수_1분기(4500302117-01) | AT65: 통상 | AU65: 정직원 | AV65: 씨앤토트플러스㈜ | AW65: 5882000 | AX65: 5882000 | AY65: 12 | AZ65: =AX65*AY65 -> 70584000 | BC65: 45839 | BD65: 49800000 | BE65: 51444000 | BF65: =BG65*12 -> 51444000 | BG65: =BH65+BM65+BN65+BO65 -> 4287000 | BH65: 3670300 | BI65: =ROUND((BH65+BO65)/BJ65,2) -> 18518.18 | BJ65: =IF(AT65="통상",209,VLOOKUP(AD65,'[2]스케줄 분석_20260109'!$B$3:$F$20,5,FALSE)) -> 209 | BK65: =IF(AT65="통상",15,VLOOKUP(AD65,'[2]스케줄 분석_20260109'!$B$3:$P$20,10,FALSE)) -> 15 | BL65: =IF(AT65="통상",0,VLOOKUP(AD65,'[2]스케줄 분석_20260109'!$B$3:$P$20,11,FALSE)) -> 0 | BM65: =IF(OR(AT65="통상",AT65="스케줄_파라"),ROUNDUP(BI65*BK65*1.5,-2),IF(OR(AT65="스케줄",AT65="휴직_스케줄"),ROUNDUP(BI65*BK65*0.5,-2),"확인바람")) -> 416700 | BN65: =ROUNDUP(BI65*BL65*0.5,-2) -> 0 | BO65: 200000 | BP65: =IF(OR(AT65="스케줄",AT65="스케줄_파라"),ROUNDUP(VLOOKUP(AD65,'[2]스케줄 분석_20260109'!$B$3:$Y$20,23,FALSE)*(VLOOKUP(AD65,'[2]스케줄 분석_20260109'!$B$3:$Y$20,21,FALSE)/VLOOKUP(AD65,'[2]스케줄 분석_20260109'!$B$3:$Y$20,20,FALSE))*VLOOKUP(AD65,'[2]스케줄 분석_20260109'!$B$3:$Y$20,22,FALSE)*VLOOKUP(AD65,'[2]스케줄 분석_20260109'!$B$3:$Y$20,2,FALSE)*1.5*BI65,0),0) -> 0 | BQ65: =IF(BI65>=$D$1,"적합","미달") -> 적합 | BS65: =IF(AT65="통상",BI65*8*5,IF(OR(AT65="스케줄",AT65="스케줄_파라"),BI65*100,"확인")) -> 740727.2 | BT65: =BG65+BS65/12 -> 4348727.3 | BU65: =(BF65-BO65*12)*0.0475 -> 2329590 | BV65: =(BF65-BO65*12)*0.036+(BF65-BO65*12)*0.036*0.1314 -> 1997581.7 | BW65: =(BF65-BO65*12)*(0.009+0.0065) -> 760182 | BX65: =(BF65-BO65*12)*0.0066 -> 323690.4 | BY65: =CB65/AY65 -> 5358750 | BZ65: =SUM(BF65,BS65:BT65) -> 56533454 | CA65: =SUM(BU65:BX65) -> 5411044.1 | CB65: =BF65*1.25 -> 64305000 | CC65: =AZ65-CB65-BP65*1.21 -> 6279000 | CD65: =IFERROR((CC65/AZ65)*100,0) -> 8.8957837
A66: =ROW()-3 -> 63 | B66: Yes | C66: 2015071 | D66: 이재열 상무 | E66: 이은서(임명:이종배) | F66: 이종배 | G66: 부장 | H66: 중급상 | I66: 중급기술자 | J66: 하도급(직) | K66: 서버엔지니어 | L66: 2015_신규 | M66: 02-6400-5621 | N66: 010-3398-3958 | O66: brandon@cnthoth.com | P66: 740708-1 | Q66: 36526 | R66: 42188 | T66: Brock University | U66: 컴퓨터공학 | V66: 대졸 | W66: IBM CSE | X66: ITIL | Z66: =IF(Q66<>"",$A$1-Q66,"") -> 9635 | AA66: =$A$1-R66 -> 3973 | AD66: SK하이닉스_이천 | AE66: 경기도 | AF66: 4. SKB/SK하이닉스 Infra 운영 | AG66: 4. SKB/SK하이닉스 Infra 운영 | AH66: 씨앤토트㈜ | AI66: SK하이닉스(이천) | AJ66: 개인 | AK66: 17336 | AL66: 경기도 이천시 부발읍 경충대로 2091, SK하이닉스 | AM66: 16990 | AN66: 경기도 용인시 처인구 한터로 55-30 (1/14), 113동 1404호 (유방동,용인보평역 서희스타힐스 리버파크) | AO66: Cloud 서비스팀_씨앤토트㈜ | AP66: SK하이닉스 Windows 기술지원 | AQ66: Windows 서버 운영 | AS66: SK하이닉스 Microsoft EA (Windows server 기술지원)(미계약) | AT66: 통상 | AU66: 정직원 | AV66: 씨앤토트플러스㈜ | AW66: 7030000 | AX66: 7030000 | AY66: 12 | AZ66: =AX66*AY66 -> 84360000 | BC66: 45839 | BD66: 52368000 | BE66: 53568000 | BF66: =BG66*12 -> 53568000 | BG66: =BH66+BM66+BN66+BO66 -> 4464000 | BH66: 3830100 | BI66: =ROUND((BH66+BO66)/BJ66,2) -> 19282.78 | BJ66: =IF(AT66="통상",209,VLOOKUP(AD66,'[2]스케줄 분석_20260109'!$B$3:$F$20,5,FALSE)) -> 209 | BK66: =IF(AT66="통상",15,VLOOKUP(AD66,'[2]스케줄 분석_20260109'!$B$3:$P$20,10,FALSE)) -> 15 | BL66: =IF(AT66="통상",0,VLOOKUP(AD66,'[2]스케줄 분석_20260109'!$B$3:$P$20,11,FALSE)) -> 0 | BM66: =IF(OR(AT66="통상",AT66="스케줄_파라"),ROUNDUP(BI66*BK66*1.5,-2),IF(OR(AT66="스케줄",AT66="휴직_스케줄"),ROUNDUP(BI66*BK66*0.5,-2),"확인바람")) -> 433900 | BN66: =ROUNDUP(BI66*BL66*0.5,-2) -> 0 | BO66: 200000 | BP66: =IF(OR(AT66="스케줄",AT66="스케줄_파라"),ROUNDUP(VLOOKUP(AD66,'[2]스케줄 분석_20260109'!$B$3:$Y$20,23,FALSE)*(VLOOKUP(AD66,'[2]스케줄 분석_20260109'!$B$3:$Y$20,21,FALSE)/VLOOKUP(AD66,'[2]스케줄 분석_20260109'!$B$3:$Y$20,20,FALSE))*VLOOKUP(AD66,'[2]스케줄 분석_20260109'!$B$3:$Y$20,22,FALSE)*VLOOKUP(AD66,'[2]스케줄 분석_20260109'!$B$3:$Y$20,2,FALSE)*1.5*BI66,0),0) -> 0 | BQ66: =IF(BI66>=$D$1,"적합","미달") -> 적합 | BS66: =IF(AT66="통상",BI66*8*5,IF(OR(AT66="스케줄",AT66="스케줄_파라"),BI66*100,"확인")) -> 771311.2 | BT66: =BG66+BS66/12 -> 4528275.9 | BU66: =(BF66-BO66*12)*0.0475 -> 2430480 | BV66: =(BF66-BO66*12)*0.036+(BF66-BO66*12)*0.036*0.1314 -> 2084093.1 | BW66: =(BF66-BO66*12)*(0.009+0.0065) -> 793104 | BX66: =(BF66-BO66*12)*0.0066 -> 337708.8 | BY66: =CB66/AY66 -> 5580000 | BZ66: =SUM(BF66,BS66:BT66) -> 58867587 | CA66: =SUM(BU66:BX66) -> 5645385.9 | CB66: =BF66*1.25 -> 66960000 | CC66: =AZ66-CB66-BP66*1.21 -> 17400000 | CD66: =IFERROR((CC66/AZ66)*100,0) -> 20.625889
A67: =ROW()-3 -> 64 | B67: Yes | C67: 2015083 | D67: 박귀진 M, 송수근 위원 | E67: 조원석(임명:윤석원) | F67: 윤석원 | G67: 부장 | H67: 중급상 | I67: 중급기술자 | J67: 하도급(FTE) | K67: 서버엔지니어 | M67: 02-829-2401 | N67: 010-5491-1782 | O67: yoon0428@cnthoth.com | P67: 800116-1 | Q67: 38645 | R67: 42233 | T67: 서일대학 | V67: 전문대졸 | W67: 정보처리산업기사 | X67: 정보처리기사 | Z67: =IF(Q67<>"",$A$1-Q67,"") -> 7516 | AA67: =$A$1-R67 -> 3928 | AD67: SKT 7F_보라매 | AE67: 서울특별시 | AF67: 3. 콜센터 & 금융 & 기타 | AG67: 3. 콜센터 & 금융 & 기타 | AH67: SK AX | AI67: SKT(보라매) | AJ67: 조원석 | AK67: 08708 | AL67: 서울특별시 관악구 보라매로5길 1, 4층 SKC&C (봉천동, SK텔레콤 보라매 사옥) | AM67: 05064 | AN67: 서울특별시 광진구 자양번영로 72-7, 401호 (자양동, 해피하우스) | AO67: T Biz. Cloud팀 | AP67: SKTelink 서버 운영 | AQ67: Unix/Linux 서버 운영 | AR67: / Windows 서버 | AS67: 고객사 공통 / 2026년_인프라운영_HC12_25_1분기(4500303370-01) | AT67: 통상 | AU67: 정직원 | AV67: 씨앤토트플러스㈜ | AW67: 6275000 | AX67: 6275000 | AY67: 12 | AZ67: =AX67*AY67 -> 75300000 | BC67: 45839 | BD67: 48804000 | BE67: 50004000 | BF67: =BG67*12 -> 50004000 | BG67: =BH67+BM67+BN67+BO67 -> 4167000 | BH67: 3562000 | BI67: =ROUND((BH67+BO67)/BJ67,2) -> 18000 | BJ67: =IF(AT67="통상",209,VLOOKUP(AD67,'[2]스케줄 분석_20260109'!$B$3:$F$20,5,FALSE)) -> 209 | BK67: =IF(AT67="통상",15,VLOOKUP(AD67,'[2]스케줄 분석_20260109'!$B$3:$P$20,10,FALSE)) -> 15 | BL67: =IF(AT67="통상",0,VLOOKUP(AD67,'[2]스케줄 분석_20260109'!$B$3:$P$20,11,FALSE)) -> 0 | BM67: =IF(OR(AT67="통상",AT67="스케줄_파라"),ROUNDUP(BI67*BK67*1.5,-2),IF(OR(AT67="스케줄",AT67="휴직_스케줄"),ROUNDUP(BI67*BK67*0.5,-2),"확인바람")) -> 405000 | BN67: =ROUNDUP(BI67*BL67*0.5,-2) -> 0 | BO67: 200000 | BP67: =IF(OR(AT67="스케줄",AT67="스케줄_파라"),ROUNDUP(VLOOKUP(AD67,'[2]스케줄 분석_20260109'!$B$3:$Y$20,23,FALSE)*(VLOOKUP(AD67,'[2]스케줄 분석_20260109'!$B$3:$Y$20,21,FALSE)/VLOOKUP(AD67,'[2]스케줄 분석_20260109'!$B$3:$Y$20,20,FALSE))*VLOOKUP(AD67,'[2]스케줄 분석_20260109'!$B$3:$Y$20,22,FALSE)*VLOOKUP(AD67,'[2]스케줄 분석_20260109'!$B$3:$Y$20,2,FALSE)*1.5*BI67,0),0) -> 0 | BQ67: =IF(BI67>=$D$1,"적합","미달") -> 적합 | BS67: =IF(AT67="통상",BI67*8*5,IF(OR(AT67="스케줄",AT67="스케줄_파라"),BI67*100,"확인")) -> 720000 | BT67: =BG67+BS67/12 -> 4227000 | BU67: =(BF67-BO67*12)*0.0475 -> 2261190 | BV67: =(BF67-BO67*12)*0.036+(BF67-BO67*12)*0.036*0.1314 -> 1938930 | BW67: =(BF67-BO67*12)*(0.009+0.0065) -> 737862 | BX67: =(BF67-BO67*12)*0.0066 -> 314186.4 | BY67: =CB67/AY67 -> 5208750 | BZ67: =SUM(BF67,BS67:BT67) -> 54951000 | CA67: =SUM(BU67:BX67) -> 5252168.4 | CB67: =BF67*1.25 -> 62505000 | CC67: =AZ67-CB67-BP67*1.21 -> 12795000 | CD67: =IFERROR((CC67/AZ67)*100,0) -> 16.992032
A68: =ROW()-3 -> 65 | B68: Yes | C68: 2015092 | D68: 이용재 M, 김현수 M | E68: 최재유(임명:강윤식) | F68: 김성수 | G68: 과장 | H68: 중급하 | I68: 중급기술자 | J68: 하도급(FTE) | K68: NOC 엔지니어 | L68: 추승훈 후임 | N68: 010-6384-9769 | O68: ksstyle@cnthoth.com | P68: 840226-1 | Q68: 42263 | R68: 42263 | T68: 명지대학교 | U68: 경영학과 | V68: 대졸 | W68: 정보처리기사 | X68: CCNP | Y68: CCNA | Z68: =IF(Q68<>"",$A$1-Q68,"") -> 3898 | AA68: =$A$1-R68 -> 3898 | AD68: 판교NOC | AE68: 경기도 | AF68: 2. Network Service | AG68: 2. Network Service | AH68: SK AX | AI68: SK그룹사(공통) | AJ68: 최재유 | AK68: 13486 | AL68: 경기도 성남시 분당구 판교로 255번길 46 SK C&C 판교캠퍼스 A동 4층 | AM68: 08703 | AN68: 서울특별시 관악구 신사로26길 38-10, 402호 (신림동, 파크빌) | AO68: Network Service팀 | AP68: SK공통 NOC 운영 | AQ68: N/W 관제, 장애 조치 | AS68: 고객사 공통 / 2026년_인프라운영_HC11_1분기(4500303149-01) | AT68: 스케줄 | AU68: 정직원 | AV68: 씨앤토트플러스㈜ | AW68: 5844000 | AX68: 5844000 | AY68: 12 | AZ68: =AX68*AY68 -> 70128000 | BC68: 45839 | BD68: 42733200 | BE68: 43837200 | BF68: =BG68*12 -> 43837200 | BG68: =BH68+BM68+BN68+BO68 -> 3653100 | BH68: 2951800 | BI68: =ROUND((BH68+BO68)/BJ68,2) -> 16479.14 | BJ68: =IF(AT68="통상",209,VLOOKUP(AD68,'[2]스케줄 분석_20260109'!$B$3:$F$20,5,FALSE)) -> 191.26 | BK68: =IF(AT68="통상",15,VLOOKUP(AD68,'[2]스케줄 분석_20260109'!$B$3:$P$20,10,FALSE)) -> 27.88 | BL68: =IF(AT68="통상",0,VLOOKUP(AD68,'[2]스케줄 분석_20260109'!$B$3:$P$20,11,FALSE)) -> 32.95 | BM68: =IF(OR(AT68="통상",AT68="스케줄_파라"),ROUNDUP(BI68*BK68*1.5,-2),IF(OR(AT68="스케줄",AT68="휴직_스케줄"),ROUNDUP(BI68*BK68*0.5,-2),"확인바람")) -> 229800 | BN68: =ROUNDUP(BI68*BL68*0.5,-2) -> 271500 | BO68: 200000 | BP68: =IF(OR(AT68="스케줄",AT68="스케줄_파라"),ROUNDUP(VLOOKUP(AD68,'[2]스케줄 분석_20260109'!$B$3:$Y$20,23,FALSE)*(VLOOKUP(AD68,'[2]스케줄 분석_20260109'!$B$3:$Y$20,21,FALSE)/VLOOKUP(AD68,'[2]스케줄 분석_20260109'!$B$3:$Y$20,20,FALSE))*VLOOKUP(AD68,'[2]스케줄 분석_20260109'!$B$3:$Y$20,22,FALSE)*VLOOKUP(AD68,'[2]스케줄 분석_20260109'!$B$3:$Y$20,2,FALSE)*1.5*BI68,0),0) -> 948039 | BQ68: =IF(BI68>=$D$1,"적합","미달") -> 적합 | BR68: 250000 | BS68: =IF(AT68="통상",BI68*8*5,IF(OR(AT68="스케줄",AT68="스케줄_파라"),BI68*100,"확인")) -> 1647914 | BT68: =BG68+BS68/12 -> 3790426.2 | BU68: =(BF68-BO68*12)*0.0475 -> 1968267 | BV68: =(BF68-BO68*12)*0.036+(BF68-BO68*12)*0.036*0.1314 -> 1687753.7 | BW68: =(BF68-BO68*12)*(0.009+0.0065) -> 642276.6 | BX68: =(BF68-BO68*12)*0.0066 -> 273485.52 | BY68: =CB68/AY68 -> 4566375 | BZ68: =SUM(BF68,BS68:BT68) -> 49275540 | CA68: =SUM(BU68:BX68) -> 4571782.9 | CB68: =BF68*1.25 -> 54796500 | CC68: =AZ68-CB68-BP68*1.21 -> 14184373 | CD68: =IFERROR((CC68/AZ68)*100,0) -> 20.226404
A69: =ROW()-3 -> 66 | B69: Yes | C69: 2016001 | D69: 이성전 위원 | E69: 박규성(임명:인장환) | F69: 인장환 | G69: 부장 | H69: 고급상 | I69: 고급기술자 | J69: 하도급(M/M) | K69: M/W 엔지니어 | L69: 2015_신규 | M69: 02-6266-7479 | N69: 010-8648-7464 | O69: princein@cnthoth.com | P69: 750510-1 | Q69: 36861 | R69: 42370 | T69: 원광대학교 | U69: 컴퓨터공학과 | V69: 대졸 | W69: Oracle Weblogic Server 10g | Z69: =IF(Q69<>"",$A$1-Q69,"") -> 9300 | AA69: =$A$1-R69 -> 3791 | AD69: SKB 7층_동작 | AE69: 서울특별시 | AF69: 4. SKB/SK하이닉스 Infra 운영 | AG69: 4. SKB/SK하이닉스 Infra 운영 | AH69: SK AX | AI69: SKB(동작) | AJ69: 박규성 | AK69: 07063 | AL69: 서울시 동작구 여의대방로 74 (신대방동) SK브로드밴드 7층 | AM69: 10321 | AN69: 경기도 고양시 일산 동구 위시티4로 80, 111동 701호 (식사동, 일산자이1단지아파트) | AO69: ICT Cloud팀 | AP69: SKB 서버 운영 | AQ69: WAS 운영 | AR69: / Linux 서버 운영 | AS69: 에스케이브로드밴드(주) / SKB 26년 IT장비 및 소프트웨어 유지보수_1분기(4500302989-01) | AT69: 통상 | AU69: 정직원 | AV69: 씨앤토트플러스㈜ | AW69: 7186000 | AX69: 7186000 | AY69: 12 | AZ69: =AX69*AY69 -> 86232000 | BC69: 45839 | BD69: 60984000 | BE69: 62328000 | BF69: =BG69*12 -> 62328000 | BG69: =BH69+BM69+BN69+BO69 -> 5194000 | BH69: 4489100 | BI69: =ROUND((BH69+BO69)/BJ69,2) -> 22435.89 | BJ69: =IF(AT69="통상",209,VLOOKUP(AD69,'[2]스케줄 분석_20260109'!$B$3:$F$20,5,FALSE)) -> 209 | BK69: =IF(AT69="통상",15,VLOOKUP(AD69,'[2]스케줄 분석_20260109'!$B$3:$P$20,10,FALSE)) -> 15 | BL69: =IF(AT69="통상",0,VLOOKUP(AD69,'[2]스케줄 분석_20260109'!$B$3:$P$20,11,FALSE)) -> 0 | BM69: =IF(OR(AT69="통상",AT69="스케줄_파라"),ROUNDUP(BI69*BK69*1.5,-2),IF(OR(AT69="스케줄",AT69="휴직_스케줄"),ROUNDUP(BI69*BK69*0.5,-2),"확인바람")) -> 504900 | BN69: =ROUNDUP(BI69*BL69*0.5,-2) -> 0 | BO69: 200000 | BP69: =IF(OR(AT69="스케줄",AT69="스케줄_파라"),ROUNDUP(VLOOKUP(AD69,'[2]스케줄 분석_20260109'!$B$3:$Y$20,23,FALSE)*(VLOOKUP(AD69,'[2]스케줄 분석_20260109'!$B$3:$Y$20,21,FALSE)/VLOOKUP(AD69,'[2]스케줄 분석_20260109'!$B$3:$Y$20,20,FALSE))*VLOOKUP(AD69,'[2]스케줄 분석_20260109'!$B$3:$Y$20,22,FALSE)*VLOOKUP(AD69,'[2]스케줄 분석_20260109'!$B$3:$Y$20,2,FALSE)*1.5*BI69,0),0) -> 0 | BQ69: =IF(BI69>=$D$1,"적합","미달") -> 적합 | BS69: =IF(AT69="통상",BI69*8*5,IF(OR(AT69="스케줄",AT69="스케줄_파라"),BI69*100,"확인")) -> 897435.6 | BT69: =BG69+BS69/12 -> 5268786.3 | BU69: =(BF69-BO69*12)*0.0475 -> 2846580 | BV69: =(BF69-BO69*12)*0.036+(BF69-BO69*12)*0.036*0.1314 -> 2440891.4 | BW69: =(BF69-BO69*12)*(0.009+0.0065) -> 928884 | BX69: =(BF69-BO69*12)*0.0066 -> 395524.8 | BY69: =CB69/AY69 -> 6492500 | BZ69: =SUM(BF69,BS69:BT69) -> 68494222 | CA69: =SUM(BU69:BX69) -> 6611880.2 | CB69: =BF69*1.25 -> 77910000 | CC69: =AZ69-CB69-BP69*1.21 -> 8322000 | CD69: =IFERROR((CC69/AZ69)*100,0) -> 9.6507097
A70: =ROW()-3 -> 67 | B70: Yes | C70: 2016006 | D70: 이성전 위원 | E70: 박규성(임명:인장환) | F70: 박장환 | G70: 과장 | H70: 중급하 | I70: 중급기술자 | J70: 하도급(M/M) | K70: DBA | L70: 2016_신규 | M70: 02-6266-6032 | N70: 010-6391-1661 | O70: oraclever@cnthoth.com | P70: 860310-1 | Q70: 41183 | R70: 42387 | T70: 가천대학교 | U70: 컴퓨터미디어 | V70: 대졸 | W70: OCP 11g | X70: OCP10g | Z70: =IF(Q70<>"",$A$1-Q70,"") -> 4978 | AA70: =$A$1-R70 -> 3774 | AD70: SKB 7층_동작 | AE70: 서울특별시 | AF70: 4. SKB/SK하이닉스 Infra 운영 | AG70: 4. SKB/SK하이닉스 Infra 운영 | AH70: SK AX | AI70: SKB(동작) | AJ70: 박규성 | AK70: 07063 | AL70: 서울시 동작구 여의대방로 74 (신대방동) SK브로드밴드 7층 | AM70: 08788 | AN70: 서울특별시 관악구 남부순환로228길 28, 401호 (봉천동) | AO70: ICT Cloud팀 | AP70: DB 운영 | AQ70: DB 운영 | AR70: / Oracle | AS70: 에스케이브로드밴드(주) / SKB 26년 IT장비 및 소프트웨어 유지보수_1분기(4500302989-01) | AT70: 통상 | AU70: 정직원 | AV70: 씨앤토트플러스㈜ | AW70: 5699000 | AX70: 5699000 | AY70: 12 | AZ70: =AX70*AY70 -> 68388000 | BC70: 45839 | BD70: 43500000 | BE70: 44568000 | BF70: =BG70*12 -> 44568000 | BG70: =BH70+BM70+BN70+BO70 -> 3714000 | BH70: 3153000 | BI70: =ROUND((BH70+BO70)/BJ70,2) -> 16043.06 | BJ70: =IF(AT70="통상",209,VLOOKUP(AD70,'[2]스케줄 분석_20260109'!$B$3:$F$20,5,FALSE)) -> 209 | BK70: =IF(AT70="통상",15,VLOOKUP(AD70,'[2]스케줄 분석_20260109'!$B$3:$P$20,10,FALSE)) -> 15 | BL70: =IF(AT70="통상",0,VLOOKUP(AD70,'[2]스케줄 분석_20260109'!$B$3:$P$20,11,FALSE)) -> 0 | BM70: =IF(OR(AT70="통상",AT70="스케줄_파라"),ROUNDUP(BI70*BK70*1.5,-2),IF(OR(AT70="스케줄",AT70="휴직_스케줄"),ROUNDUP(BI70*BK70*0.5,-2),"확인바람")) -> 361000 | BN70: =ROUNDUP(BI70*BL70*0.5,-2) -> 0 | BO70: 200000 | BP70: =IF(OR(AT70="스케줄",AT70="스케줄_파라"),ROUNDUP(VLOOKUP(AD70,'[2]스케줄 분석_20260109'!$B$3:$Y$20,23,FALSE)*(VLOOKUP(AD70,'[2]스케줄 분석_20260109'!$B$3:$Y$20,21,FALSE)/VLOOKUP(AD70,'[2]스케줄 분석_20260109'!$B$3:$Y$20,20,FALSE))*VLOOKUP(AD70,'[2]스케줄 분석_20260109'!$B$3:$Y$20,22,FALSE)*VLOOKUP(AD70,'[2]스케줄 분석_20260109'!$B$3:$Y$20,2,FALSE)*1.5*BI70,0),0) -> 0 | BQ70: =IF(BI70>=$D$1,"적합","미달") -> 적합 | BS70: =IF(AT70="통상",BI70*8*5,IF(OR(AT70="스케줄",AT70="스케줄_파라"),BI70*100,"확인")) -> 641722.4 | BT70: =BG70+BS70/12 -> 3767476.9 | BU70: =(BF70-BO70*12)*0.0475 -> 2002980 | BV70: =(BF70-BO70*12)*0.036+(BF70-BO70*12)*0.036*0.1314 -> 1717519.5 | BW70: =(BF70-BO70*12)*(0.009+0.0065) -> 653604 | BX70: =(BF70-BO70*12)*0.0066 -> 278308.8 | BY70: =CB70/AY70 -> 4642500 | BZ70: =SUM(BF70,BS70:BT70) -> 48977199 | CA70: =SUM(BU70:BX70) -> 4652412.3 | CB70: =BF70*1.25 -> 55710000 | CC70: =AZ70-CB70-BP70*1.21 -> 12678000 | CD70: =IFERROR((CC70/AZ70)*100,0) -> 18.53834
A71: =ROW()-3 -> 68 | B71: Yes | C71: 2016016 | D71: 엄상경 M, 진교성 M | E71: 곽경석 | F71: 한재호 | G71: 과장 | H71: 초급하 | I71: 초급기술자 | J71: 하도급(M/M) | K71: 인프라 운영지원 엔지니어 | L71: 2023_신규 | M71: 043-280-5802 | N71: 010-9934-0497 | O71: hjmhim@cnthoth.com | P71: 910204-1 | Q71: 42419 | R71: 42419 | T71: 주성대학 | U71: 반도체전자과 | V71: 전문대졸 | Z71: =IF(Q71<>"",$A$1-Q71,"") -> 3742 | AA71: =$A$1-R71 -> 3742 | AD71: 청주HN_OP_주간 | AE71: 경기도외 | AF71: 4. SKB/SK하이닉스 Infra 운영 | AG71: 4. SKB/SK하이닉스 Infra 운영 | AH71: SK AX | AI71: SK하이닉스(청주) | AJ71: 곽경석 | AK71: 28436 | AL71: 충청북도 청주시 흥덕구 직지대로 337 (향정동) , SKHDC4 (M11 3F) | AM71: 28780 | AN71: 충청북도 청주시 상당구 월평로 243, 101동 1014호 (용암동, 부영1차아파트) | AO71: Hynix Cloud팀 | AP71: 청주 DC 운영 | AQ71: 인프라 운영 지원 | AS71: 에스케이하이닉스(주) / SKHy '26년 ITO_데이타관제_1분기(4500303464-01) | AT71: 통상 | AU71: 정직원 | AV71: 씨앤토트플러스㈜ | AW71: 4179000 | AX71: 4179000 | AY71: 12 | AZ71: =AX71*AY71 -> 50148000 | BC71: 45839 | BD71: 33360000 | BE71: 34200000 | BF71: =BG71*12 -> 34200000 | BG71: =BH71+BM71+BN71+BO71 -> 2850000 | BH71: 2373000 | BI71: =ROUND((BH71+BO71)/BJ71,2) -> 12311 | BJ71: =IF(AT71="통상",209,VLOOKUP(AD71,'[2]스케줄 분석_20260109'!$B$3:$F$20,5,FALSE)) -> 209 | BK71: =IF(AT71="통상",15,VLOOKUP(AD71,'[2]스케줄 분석_20260109'!$B$3:$P$20,10,FALSE)) -> 15 | BL71: =IF(AT71="통상",0,VLOOKUP(AD71,'[2]스케줄 분석_20260109'!$B$3:$P$20,11,FALSE)) -> 0 | BM71: =IF(OR(AT71="통상",AT71="스케줄_파라"),ROUNDUP(BI71*BK71*1.5,-2),IF(OR(AT71="스케줄",AT71="휴직_스케줄"),ROUNDUP(BI71*BK71*0.5,-2),"확인바람")) -> 277000 | BN71: =ROUNDUP(BI71*BL71*0.5,-2) -> 0 | BO71: 200000 | BP71: =IF(OR(AT71="스케줄",AT71="스케줄_파라"),ROUNDUP(VLOOKUP(AD71,'[2]스케줄 분석_20260109'!$B$3:$Y$20,23,FALSE)*(VLOOKUP(AD71,'[2]스케줄 분석_20260109'!$B$3:$Y$20,21,FALSE)/VLOOKUP(AD71,'[2]스케줄 분석_20260109'!$B$3:$Y$20,20,FALSE))*VLOOKUP(AD71,'[2]스케줄 분석_20260109'!$B$3:$Y$20,22,FALSE)*VLOOKUP(AD71,'[2]스케줄 분석_20260109'!$B$3:$Y$20,2,FALSE)*1.5*BI71,0),0) -> 0 | BQ71: =IF(BI71>=$D$1,"적합","미달") -> 적합 | BS71: =IF(AT71="통상",BI71*8*5,IF(OR(AT71="스케줄",AT71="스케줄_파라"),BI71*100,"확인")) -> 492440 | BT71: =BG71+BS71/12 -> 2891036.7 | BU71: =(BF71-BO71*12)*0.0475 -> 1510500 | BV71: =(BF71-BO71*12)*0.036+(BF71-BO71*12)*0.036*0.1314 -> 1295226.7 | BW71: =(BF71-BO71*12)*(0.009+0.0065) -> 492900 | BX71: =(BF71-BO71*12)*0.0066 -> 209880 | BY71: =CB71/AY71 -> 3562500 | BZ71: =SUM(BF71,BS71:BT71) -> 37583477 | CA71: =SUM(BU71:BX71) -> 3508506.7 | CB71: =BF71*1.25 -> 42750000 | CC71: =AZ71-CB71-BP71*1.21 -> 7398000 | CD71: =IFERROR((CC71/AZ71)*100,0) -> 14.752333
A72: =ROW()-3 -> 69 | B72: Yes | C72: 2016037 | D72: 김태형 M, 이범철 M | E72: 허영 | F72: 허영 | G72: 과장 | H72: 초급상 | I72: 초급기술자 | J72: 하도급(FTE) | K72: M/W 엔지니어 | L72: 2016_신규 | N72: 010-3344-3944 | O72: her0ja@cnthoth.com | P72: 851228-1 | Q72: 41244 | R72: 42522 | T72: 백석대학교 | U72: 소프트웨어공학과 | V72: 대졸 | W72: 컴퓨터활용능력1급 | X72: 워드프로세서1급 | Y72: 인터넷정보검색사1급 | Z72: =IF(Q72<>"",$A$1-Q72,"") -> 4917 | AA72: =$A$1-R72 -> 3639 | AD72: SK㈜ U타워_정자 | AE72: 경기도 | AF72: 1. Infra 운영 | AG72: 1. Infra 운영 | AH72: SK AX | AI72: SK그룹사(공통) | AJ72: 김홍범 | AK72: 13558 | AL72: 경기도 성남시 분당구 성남대로 343번길 9 SK U타워 6층 | AM72: 18473 | AN72: 경기도 화성시 동탄대로24길 199, 487동 203호(영천동, 동탄 에듀밸리 사랑으로 부영아파트) | AO72: 제조/환경Cloud팀 | AP72: Middleware 운영 | AQ72: WAS 운영 | AS72: 고객사 공통 / 2026년_인프라운영_HC22_01_1분기 (4500303129-01) | AT72: 통상 | AU72: 정직원 | AV72: 씨앤토트플러스㈜ | AW72: 4746000 | AX72: 4746000 | AY72: 12 | AZ72: =AX72*AY72 -> 56952000 | BC72: 45839 | BD72: 40008000 | BE72: 40908000 | BF72: =BG72*12 -> 40908000 | BG72: =BH72+BM72+BN72+BO72 -> 3409000 | BH72: 2877600 | BI72: =ROUND((BH72+BO72)/BJ72,2) -> 14725.36 | BJ72: =IF(AT72="통상",209,VLOOKUP(AD72,'[2]스케줄 분석_20260109'!$B$3:$F$20,5,FALSE)) -> 209 | BK72: =IF(AT72="통상",15,VLOOKUP(AD72,'[2]스케줄 분석_20260109'!$B$3:$P$20,10,FALSE)) -> 15 | BL72: =IF(AT72="통상",0,VLOOKUP(AD72,'[2]스케줄 분석_20260109'!$B$3:$P$20,11,FALSE)) -> 0 | BM72: =IF(OR(AT72="통상",AT72="스케줄_파라"),ROUNDUP(BI72*BK72*1.5,-2),IF(OR(AT72="스케줄",AT72="휴직_스케줄"),ROUNDUP(BI72*BK72*0.5,-2),"확인바람")) -> 331400 | BN72: =ROUNDUP(BI72*BL72*0.5,-2) -> 0 | BO72: 200000 | BP72: =IF(OR(AT72="스케줄",AT72="스케줄_파라"),ROUNDUP(VLOOKUP(AD72,'[2]스케줄 분석_20260109'!$B$3:$Y$20,23,FALSE)*(VLOOKUP(AD72,'[2]스케줄 분석_20260109'!$B$3:$Y$20,21,FALSE)/VLOOKUP(AD72,'[2]스케줄 분석_20260109'!$B$3:$Y$20,20,FALSE))*VLOOKUP(AD72,'[2]스케줄 분석_20260109'!$B$3:$Y$20,22,FALSE)*VLOOKUP(AD72,'[2]스케줄 분석_20260109'!$B$3:$Y$20,2,FALSE)*1.5*BI72,0),0) -> 0 | BQ72: =IF(BI72>=$D$1,"적합","미달") -> 적합 | BS72: =IF(AT72="통상",BI72*8*5,IF(OR(AT72="스케줄",AT72="스케줄_파라"),BI72*100,"확인")) -> 589014.4 | BT72: =BG72+BS72/12 -> 3458084.5 | BU72: =(BF72-BO72*12)*0.0475 -> 1829130 | BV72: =(BF72-BO72*12)*0.036+(BF72-BO72*12)*0.036*0.1314 -> 1568446.2 | BW72: =(BF72-BO72*12)*(0.009+0.0065) -> 596874 | BX72: =(BF72-BO72*12)*0.0066 -> 254152.8 | BY72: =CB72/AY72 -> 4261250 | BZ72: =SUM(BF72,BS72:BT72) -> 44955099 | CA72: =SUM(BU72:BX72) -> 4248603 | CB72: =BF72*1.25 -> 51135000 | CC72: =AZ72-CB72-BP72*1.21 -> 5817000 | CD72: =IFERROR((CC72/AZ72)*100,0) -> 10.213864
A73: =ROW()-3 -> 70 | B73: Yes | C73: 2016061 | D73: 신상선 M, 진교성 M | E73: 임봉영 | F73: 김효기 | G73: 대리 | H73: 초급하 | I73: 초급기술자 | J73: 하도급(M/M) | K73: IT 인프라 현장대응 엔지니어 | L73: 이은서 후임 | M73: 031-630-3384 | N73: 010-3287-9984 | O73: gooy12@cnthoth.com | P73: 931027-1 | Q73: 42633 | R73: 42633 | T73: 곤지암고등학교 | U73: 컴퓨터정보 | V73: 고졸 | W73: 네트워크관리사2급 | Z73: =IF(Q73<>"",$A$1-Q73,"") -> 3528 | AA73: =$A$1-R73 -> 3528 | AD73: 이천HN_대응 | AE73: 경기도 | AF73: 4. SKB/SK하이닉스 Infra 운영 | AG73: 4. SKB/SK하이닉스 Infra 운영 | AH73: SK AX | AI73: SK하이닉스(이천) | AJ73: 임봉영 | AK73: 17336 | AL73: 경기도 이천시 부발읍 경충대로 2091, SK하이닉스 기술지원센터 2층 SKHDC2 | AM73: 12813 | AN73: 경기도 광주시 곤지암읍 신만로 69 | AO73: Hynix Cloud팀 | AP73: 인프라 장애 긴급 대응 | AQ73: 인프라 장비 장애 발생시 현장대응 | AS73: 에스케이하이닉스(주) / SKHy '26년 ITO_데이타관제_1분기(4500303464-01) | AT73: 스케줄 | AU73: 정직원 | AV73: 씨앤토트플러스㈜ | AW73: 5151000 | AX73: 5151000 | AY73: 12 | AZ73: =AX73*AY73 -> 61812000 | BC73: 45839 | BD73: 33720960 | BE73: 34801200 | BF73: =BG73*12 -> 34801200 | BG73: =BH73+BM73+BN73+BO73 -> 2900100 | BH73: 2075400 | BI73: =ROUND((BH73+BO73)/BJ73,2) -> 14556.04 | BJ73: =IF(AT73="통상",209,VLOOKUP(AD73,'[2]스케줄 분석_20260109'!$B$3:$F$20,5,FALSE)) -> 156.32 | BK73: =IF(AT73="통상",15,VLOOKUP(AD73,'[2]스케줄 분석_20260109'!$B$3:$P$20,10,FALSE)) -> 36.39 | BL73: =IF(AT73="통상",0,VLOOKUP(AD73,'[2]스케줄 분석_20260109'!$B$3:$P$20,11,FALSE)) -> 49.43 | BM73: =IF(OR(AT73="통상",AT73="스케줄_파라"),ROUNDUP(BI73*BK73*1.5,-2),IF(OR(AT73="스케줄",AT73="휴직_스케줄"),ROUNDUP(BI73*BK73*0.5,-2),"확인바람")) -> 264900 | BN73: =ROUNDUP(BI73*BL73*0.5,-2) -> 359800 | BO73: 200000 | BP73: =IF(OR(AT73="스케줄",AT73="스케줄_파라"),ROUNDUP(VLOOKUP(AD73,'[2]스케줄 분석_20260109'!$B$3:$Y$20,23,FALSE)*(VLOOKUP(AD73,'[2]스케줄 분석_20260109'!$B$3:$Y$20,21,FALSE)/VLOOKUP(AD73,'[2]스케줄 분석_20260109'!$B$3:$Y$20,20,FALSE))*VLOOKUP(AD73,'[2]스케줄 분석_20260109'!$B$3:$Y$20,22,FALSE)*VLOOKUP(AD73,'[2]스케줄 분석_20260109'!$B$3:$Y$20,2,FALSE)*1.5*BI73,0),0) -> 2740175 | BQ73: =IF(BI73>=$D$1,"적합","미달") -> 적합 | BS73: =IF(AT73="통상",BI73*8*5,IF(OR(AT73="스케줄",AT73="스케줄_파라"),BI73*100,"확인")) -> 1455604 | BT73: =BG73+BS73/12 -> 3021400.3 | BU73: =(BF73-BO73*12)*0.0475 -> 1539057 | BV73: =(BF73-BO73*12)*0.036+(BF73-BO73*12)*0.036*0.1314 -> 1319713.8 | BW73: =(BF73-BO73*12)*(0.009+0.0065) -> 502218.6 | BX73: =(BF73-BO73*12)*0.0066 -> 213847.92 | BY73: =CB73/AY73 -> 3625125 | BZ73: =SUM(BF73,BS73:BT73) -> 39278204 | CA73: =SUM(BU73:BX73) -> 3574837.4 | CB73: =BF73*1.25 -> 43501500 | CC73: =AZ73-CB73-BP73*1.21 -> 14994888 | CD73: =IFERROR((CC73/AZ73)*100,0) -> 24.258863
A74: =ROW()-3 -> 71 | B74: Yes | C74: 2016065 | D74: 이원동 M | E74: 명승일 | F74: 심민석 | G74: 과장 | H74: 초급상 | I74: 초급기술자 | J74: 하도급(M/M) | K74: 네트워크보안엔지니어 | L74: 민영돈 후임 | N74: 010-5077-0417 | O74: syslog417@cnthoth.com | P74: 890103-1 | Q74: 42647 | R74: 42647 | T74: 학점은행제 | U74: 컴퓨터공학과 | V74: 대졸 | W74: 리눅스마스터2급 | X74: 네트워크관리사2급 | Y74: AutoCAD2급 | Z74: =IF(Q74<>"",$A$1-Q74,"") -> 3514 | AA74: =$A$1-R74 -> 3514 | AD74: SKT_수내 | AE74: 경기도 | AF74: 1. Infra 운영 | AG74: 1. Infra 운영 | AH74: SK AX | AI74: SKT(수내) | AJ74: 명승일 | AK74: 13595 | AL74: 경기도 분당구 황새울로 258번길 6 SKT | AM74: 12788 | AN74: 경기도 광주시 태성1로 16, 108동 2204호 (고산동, 더샵오포센트럴포레) | AO74: 보안사업개발팀 | AP74: SKT N/W 보안 운영 | AQ74: N/W 보안 운영 | AS74: 에스케이텔레콤(주) SKT 25년 SDN 보안장비 기술지원 용역_1분기(4500304018-01) | AT74: 통상 | AU74: 정직원 | AV74: 씨앤토트플러스㈜ | AW74: 4676000 | AX74: 4676000 | AY74: 12 | AZ74: =AX74*AY74 -> 56112000 | BC74: 45839 | BD74: 39408000 | BE74: 40608000 | BF74: =BG74*12 -> 40608000 | BG74: =BH74+BM74+BN74+BO74 -> 3384000 | BH74: 2855100 | BI74: =ROUND((BH74+BO74)/BJ74,2) -> 14617.7 | BJ74: =IF(AT74="통상",209,VLOOKUP(AD74,'[2]스케줄 분석_20260109'!$B$3:$F$20,5,FALSE)) -> 209 | BK74: =IF(AT74="통상",15,VLOOKUP(AD74,'[2]스케줄 분석_20260109'!$B$3:$P$20,10,FALSE)) -> 15 | BL74: =IF(AT74="통상",0,VLOOKUP(AD74,'[2]스케줄 분석_20260109'!$B$3:$P$20,11,FALSE)) -> 0 | BM74: =IF(OR(AT74="통상",AT74="스케줄_파라"),ROUNDUP(BI74*BK74*1.5,-2),IF(OR(AT74="스케줄",AT74="휴직_스케줄"),ROUNDUP(BI74*BK74*0.5,-2),"확인바람")) -> 328900 | BN74: =ROUNDUP(BI74*BL74*0.5,-2) -> 0 | BO74: 200000 | BP74: =IF(OR(AT74="스케줄",AT74="스케줄_파라"),ROUNDUP(VLOOKUP(AD74,'[2]스케줄 분석_20260109'!$B$3:$Y$20,23,FALSE)*(VLOOKUP(AD74,'[2]스케줄 분석_20260109'!$B$3:$Y$20,21,FALSE)/VLOOKUP(AD74,'[2]스케줄 분석_20260109'!$B$3:$Y$20,20,FALSE))*VLOOKUP(AD74,'[2]스케줄 분석_20260109'!$B$3:$Y$20,22,FALSE)*VLOOKUP(AD74,'[2]스케줄 분석_20260109'!$B$3:$Y$20,2,FALSE)*1.5*BI74,0),0) -> 0 | BQ74: =IF(BI74>=$D$1,"적합","미달") -> 적합 | BS74: =IF(AT74="통상",BI74*8*5,IF(OR(AT74="스케줄",AT74="스케줄_파라"),BI74*100,"확인")) -> 584708 | BT74: =BG74+BS74/12 -> 3432725.7 | BU74: =(BF74-BO74*12)*0.0475 -> 1814880 | BV74: =(BF74-BO74*12)*0.036+(BF74-BO74*12)*0.036*0.1314 -> 1556227.1 | BW74: =(BF74-BO74*12)*(0.009+0.0065) -> 592224 | BX74: =(BF74-BO74*12)*0.0066 -> 252172.8 | BY74: =CB74/AY74 -> 4230000 | BZ74: =SUM(BF74,BS74:BT74) -> 44625434 | CA74: =SUM(BU74:BX74) -> 4215503.9 | CB74: =BF74*1.25 -> 50760000 | CC74: =AZ74-CB74-BP74*1.21 -> 5352000 | CD74: =IFERROR((CC74/AZ74)*100,0) -> 9.5380667
A75: =ROW()-3 -> 72 | B75: Yes | C75: 2016068 | D75: 박귀진 M, 송수근 위원 | E75: 조원석(임명:김길배) | F75: 김길배 | G75: 차장 | H75: 초급상 | I75: 초급기술자 | J75: 하도급(FTE) | K75: DBA | L75: 선승필 후임 | N75: 010-8927-2899 | O75: yukikaze24@cnthoth.com | P75: 811207-1 | Q75: 40026 | R75: 42668 | T75: 백석문화대학교 | U75: 컴퓨터정보학과 | V75: 전문대졸 | W75: 10g | X75: 12c | Z75: =IF(Q75<>"",$A$1-Q75,"") -> 6135 | AA75: =$A$1-R75 -> 3493 | AD75: SKT 7F_보라매 | AE75: 서울특별시 | AF75: 3. 콜센터 & 금융 & 기타 | AG75: 3. 콜센터 & 금융 & 기타 | AH75: SK AX | AI75: SKT(보라매) | AJ75: 조원석 | AK75: 08708 | AL75: 서울시 관악구 보라매로5길 1 SK텔레콤빌딩 7F (봉천동) | AM75: 16542 | AN75: 경기도 수원시 영통구 매영로 84, 114동 504호 (매탄동, 한국2차아파트) | AO75: T Biz. Cloud팀 | AP75: DB 운영 | AQ75: DB 운영 | AR75: / Oracle | AS75: 고객사 공통 / 2026년_인프라운영_HC12_24_1분기(4500303378-01) | AT75: 통상 | AU75: 정직원 | AV75: 씨앤토트플러스㈜ | AW75: 4804000 | AX75: 4804000 | AY75: 12 | AZ75: =AX75*AY75 -> 57648000 | BC75: 45839 | BD75: 43800000 | BE75: 44712000 | BF75: =BG75*12 -> 44712000 | BG75: =BH75+BM75+BN75+BO75 -> 3726000 | BH75: 3163800 | BI75: =ROUND((BH75+BO75)/BJ75,2) -> 16094.74 | BJ75: =IF(AT75="통상",209,VLOOKUP(AD75,'[2]스케줄 분석_20260109'!$B$3:$F$20,5,FALSE)) -> 209 | BK75: =IF(AT75="통상",15,VLOOKUP(AD75,'[2]스케줄 분석_20260109'!$B$3:$P$20,10,FALSE)) -> 15 | BL75: =IF(AT75="통상",0,VLOOKUP(AD75,'[2]스케줄 분석_20260109'!$B$3:$P$20,11,FALSE)) -> 0 | BM75: =IF(OR(AT75="통상",AT75="스케줄_파라"),ROUNDUP(BI75*BK75*1.5,-2),IF(OR(AT75="스케줄",AT75="휴직_스케줄"),ROUNDUP(BI75*BK75*0.5,-2),"확인바람")) -> 362200 | BN75: =ROUNDUP(BI75*BL75*0.5,-2) -> 0 | BO75: 200000 | BP75: =IF(OR(AT75="스케줄",AT75="스케줄_파라"),ROUNDUP(VLOOKUP(AD75,'[2]스케줄 분석_20260109'!$B$3:$Y$20,23,FALSE)*(VLOOKUP(AD75,'[2]스케줄 분석_20260109'!$B$3:$Y$20,21,FALSE)/VLOOKUP(AD75,'[2]스케줄 분석_20260109'!$B$3:$Y$20,20,FALSE))*VLOOKUP(AD75,'[2]스케줄 분석_20260109'!$B$3:$Y$20,22,FALSE)*VLOOKUP(AD75,'[2]스케줄 분석_20260109'!$B$3:$Y$20,2,FALSE)*1.5*BI75,0),0) -> 0 | BQ75: =IF(BI75>=$D$1,"적합","미달") -> 적합 | BS75: =IF(AT75="통상",BI75*8*5,IF(OR(AT75="스케줄",AT75="스케줄_파라"),BI75*100,"확인")) -> 643789.6 | BT75: =BG75+BS75/12 -> 3779649.1 | BU75: =(BF75-BO75*12)*0.0475 -> 2009820 | BV75: =(BF75-BO75*12)*0.036+(BF75-BO75*12)*0.036*0.1314 -> 1723384.7 | BW75: =(BF75-BO75*12)*(0.009+0.0065) -> 655836 | BX75: =(BF75-BO75*12)*0.0066 -> 279259.2 | BY75: =CB75/AY75 -> 4657500 | BZ75: =SUM(BF75,BS75:BT75) -> 49135439 | CA75: =SUM(BU75:BX75) -> 4668299.9 | CB75: =BF75*1.25 -> 55890000 | CC75: =AZ75-CB75-BP75*1.21 -> 1758000 | CD75: =IFERROR((CC75/AZ75)*100,0) -> 3.049542
A76: =ROW()-3 -> 73 | B76: Yes | C76: 2017001 | D76: 류해리 M, 이영진 M | E76: 곽경석 | F76: 곽경석 | G76: 과장 | H76: 초급상 | I76: 초급기술자 | J76: 하도급(M/M) | K76: 서비스 관제 센터장 | L76: 이종경 후임 | N76: 010-8377-8638 | O76: rudtjr0414@cnthoth.com | P76: 930414-1 | Q76: 41487 | R76: 42736 | T76: 성보정보고 | U76: 인터넷정보처리학과 | V76: 고졸 | W76: 리눅스마스터2급 | Z76: =IF(Q76<>"",$A$1-Q76,"") -> 4674 | AA76: =$A$1-R76 -> 3425 | AD76: 청주HN_OP_주간 | AE76: 경기도외 | AF76: 4. SKB/SK하이닉스 Infra 운영 | AG76: 4. SKB/SK하이닉스 Infra 운영 | AH76: SK AX | AI76: SK하이닉스(청주) | AJ76: 곽경석 | AK76: 28436 | AL76: 충청북도 청주시 흥덕구 직지대로 337 (향정동) , SKHDC4 (M11 3F) | AM76: 28630 | AN76: 충청북도 청주시 서원구 두꺼비로60번길 11-16, 201호 (산남동) | AO76: Hynix Cloud팀 | AP76: 청주 DC 운영 | AQ76: 센터 총괄 운영 | AS76: 에스케이하이닉스(주) / SKHy '26년 ITO_데이타관제_1분기(4500303464-01) | AT76: 통상 | AU76: 정직원 | AV76: 씨앤토트플러스㈜ | AW76: 5151000 | AX76: 5151000 | AY76: 12 | AZ76: =AX76*AY76 -> 61812000 | BC76: 45839 | BD76: 41004000 | BE76: 42204000 | BF76: =BG76*12 -> 42204000 | BG76: =BH76+BM76+BN76+BO76 -> 3517000 | BH76: 2975100 | BI76: =ROUND((BH76+BO76)/BJ76,2) -> 15191.87 | BJ76: =IF(AT76="통상",209,VLOOKUP(AD76,'[2]스케줄 분석_20260109'!$B$3:$F$20,5,FALSE)) -> 209 | BK76: =IF(AT76="통상",15,VLOOKUP(AD76,'[2]스케줄 분석_20260109'!$B$3:$P$20,10,FALSE)) -> 15 | BL76: =IF(AT76="통상",0,VLOOKUP(AD76,'[2]스케줄 분석_20260109'!$B$3:$P$20,11,FALSE)) -> 0 | BM76: =IF(OR(AT76="통상",AT76="스케줄_파라"),ROUNDUP(BI76*BK76*1.5,-2),IF(OR(AT76="스케줄",AT76="휴직_스케줄"),ROUNDUP(BI76*BK76*0.5,-2),"확인바람")) -> 341900 | BN76: =ROUNDUP(BI76*BL76*0.5,-2) -> 0 | BO76: 200000 | BP76: =IF(OR(AT76="스케줄",AT76="스케줄_파라"),ROUNDUP(VLOOKUP(AD76,'[2]스케줄 분석_20260109'!$B$3:$Y$20,23,FALSE)*(VLOOKUP(AD76,'[2]스케줄 분석_20260109'!$B$3:$Y$20,21,FALSE)/VLOOKUP(AD76,'[2]스케줄 분석_20260109'!$B$3:$Y$20,20,FALSE))*VLOOKUP(AD76,'[2]스케줄 분석_20260109'!$B$3:$Y$20,22,FALSE)*VLOOKUP(AD76,'[2]스케줄 분석_20260109'!$B$3:$Y$20,2,FALSE)*1.5*BI76,0),0) -> 0 | BQ76: =IF(BI76>=$D$1,"적합","미달") -> 적합 | BS76: =IF(AT76="통상",BI76*8*5,IF(OR(AT76="스케줄",AT76="스케줄_파라"),BI76*100,"확인")) -> 607674.8 | BT76: =BG76+BS76/12 -> 3567639.6 | BU76: =(BF76-BO76*12)*0.0475 -> 1890690 | BV76: =(BF76-BO76*12)*0.036+(BF76-BO76*12)*0.036*0.1314 -> 1621232.8 | BW76: =(BF76-BO76*12)*(0.009+0.0065) -> 616962 | BX76: =(BF76-BO76*12)*0.0066 -> 262706.4 | BY76: =CB76/AY76 -> 4396250 | BZ76: =SUM(BF76,BS76:BT76) -> 46379314 | CA76: =SUM(BU76:BX76) -> 4391591.2 | CB76: =BF76*1.25 -> 52755000 | CC76: =AZ76-CB76-BP76*1.21 -> 9057000 | CD76: =IFERROR((CC76/AZ76)*100,0) -> 14.652495
A77: =ROW()-3 -> 74 | B77: Yes | C77: 2017021 | D77: 김태형 M, 이범철 M | E77: 김부강 | F77: 김영제 | G77: 과장 | H77: 초급상 | I77: 초급기술자 | J77: 하도급(FTE) | K77: 서버엔지니어 | L77: 2023_신규 | N77: 010-4531-8968 | O77: borntorun@cnthoth.com | P77: 880406-1 | Q77: 41791 | R77: 42852 | T77: 동서울대학교 | U77: 소프트웨어학과 | V77: 전문대졸 | Z77: =IF(Q77<>"",$A$1-Q77,"") -> 4370 | AA77: =$A$1-R77 -> 3309 | AD77: SK AX_판교 B동 | AE77: 경기도 | AF77: 1. Infra 운영 | AG77: 1. Infra 운영 | AH77: SK AX | AI77: SK그룹사(공통) | AJ77: 김부강 | AK77: 13486 | AL77: 경기도 성남시 분당구 판교로 255번길 38 SK C&C 판교캠퍼스 B동 5층 | AM77: 05526 | AN77: 서울특별시 송파구 풍성로6가길 14-13, 지층동 101호 (풍납동) | AO77: 제조/환경Cloud팀 | AP77: SKP 서버 운영 | AQ77: Windows 서버 운영 | AS77: 고객사 공통 / 2026년_인프라운영_HC22_01_1분기 (4500303129-01) | AT77: 통상 | AU77: 정직원 | AV77: 씨앤토트플러스㈜ | AW77: 4794000 | AX77: 4794000 | AY77: 12 | AZ77: =AX77*AY77 -> 57528000 | BC77: 45839 | BD77: 36600000 | BE77: 37800000 | BF77: =BG77*12 -> 37800000 | BG77: =BH77+BM77+BN77+BO77 -> 3150000 | BH77: 2643800 | BI77: =ROUND((BH77+BO77)/BJ77,2) -> 13606.7 | BJ77: =IF(AT77="통상",209,VLOOKUP(AD77,'[2]스케줄 분석_20260109'!$B$3:$F$20,5,FALSE)) -> 209 | BK77: =IF(AT77="통상",15,VLOOKUP(AD77,'[2]스케줄 분석_20260109'!$B$3:$P$20,10,FALSE)) -> 15 | BL77: =IF(AT77="통상",0,VLOOKUP(AD77,'[2]스케줄 분석_20260109'!$B$3:$P$20,11,FALSE)) -> 0 | BM77: =IF(OR(AT77="통상",AT77="스케줄_파라"),ROUNDUP(BI77*BK77*1.5,-2),IF(OR(AT77="스케줄",AT77="휴직_스케줄"),ROUNDUP(BI77*BK77*0.5,-2),"확인바람")) -> 306200 | BN77: =ROUNDUP(BI77*BL77*0.5,-2) -> 0 | BO77: 200000 | BP77: =IF(OR(AT77="스케줄",AT77="스케줄_파라"),ROUNDUP(VLOOKUP(AD77,'[2]스케줄 분석_20260109'!$B$3:$Y$20,23,FALSE)*(VLOOKUP(AD77,'[2]스케줄 분석_20260109'!$B$3:$Y$20,21,FALSE)/VLOOKUP(AD77,'[2]스케줄 분석_20260109'!$B$3:$Y$20,20,FALSE))*VLOOKUP(AD77,'[2]스케줄 분석_20260109'!$B$3:$Y$20,22,FALSE)*VLOOKUP(AD77,'[2]스케줄 분석_20260109'!$B$3:$Y$20,2,FALSE)*1.5*BI77,0),0) -> 0 | BQ77: =IF(BI77>=$D$1,"적합","미달") -> 적합 | BS77: =IF(AT77="통상",BI77*8*5,IF(OR(AT77="스케줄",AT77="스케줄_파라"),BI77*100,"확인")) -> 544268 | BT77: =BG77+BS77/12 -> 3195355.7 | BU77: =(BF77-BO77*12)*0.0475 -> 1681500 | BV77: =(BF77-BO77*12)*0.036+(BF77-BO77*12)*0.036*0.1314 -> 1441856.2 | BW77: =(BF77-BO77*12)*(0.009+0.0065) -> 548700 | BX77: =(BF77-BO77*12)*0.0066 -> 233640 | BY77: =CB77/AY77 -> 3937500 | BZ77: =SUM(BF77,BS77:BT77) -> 41539624 | CA77: =SUM(BU77:BX77) -> 3905696.2 | CB77: =BF77*1.25 -> 47250000 | CC77: =AZ77-CB77-BP77*1.21 -> 10278000 | CD77: =IFERROR((CC77/AZ77)*100,0) -> 17.866083
A78: =ROW()-3 -> 75 | B78: Yes | C78: 2017034 | D78: 엄상경 M, 진교성 M | E78: 곽경석 | F78: 박승혁 | G78: 과장 | H78: 초급상 | I78: 초급기술자 | J78: 하도급(M/M) | K78: IT 인프라 현장대응 엔지니어 | L78: 김도형 후임 | M78: 043-280-5802 | N78: 010-9445-4064 | O78: p4064@cnthoth.com | P78: 930201-1 | Q78: 42912 | R78: 42912 | T78: 대전대학교 | U78: 정보보안과 | V78: 대졸 | W78: 정보처리기사 | Z78: =IF(Q78<>"",$A$1-Q78,"") -> 3249 | AA78: =$A$1-R78 -> 3249 | AD78: 청주HN_대응 | AE78: 경기도외 | AF78: 4. SKB/SK하이닉스 Infra 운영 | AG78: 4. SKB/SK하이닉스 Infra 운영 | AH78: SK AX | AI78: SK하이닉스(청주) | AJ78: 곽경석 | AK78: 28436 | AL78: 충청북도 청주시 흥덕구 직지대로 337 (향정동) , SKHDC4 (M11 3F) | AM78: 28753 | AN78: 충청북도 청주시 상당구 수영로 328, 208동 1002호(금천동, 장자마을현대아파트) | AO78: Hynix Cloud팀 | AP78: 인프라 장애 긴급 대응 | AQ78: 인프라 장비 장애 발생시 현장대응 | AS78: 에스케이하이닉스(주) / SKHy '26년 ITO_데이타관제_1분기(4500303464-01) | AT78: 스케줄 | AU78: 정직원 | AV78: 씨앤토트플러스㈜ | AW78: 5151000 | AX78: 5151000 | AY78: 12 | AZ78: =AX78*AY78 -> 61812000 | BC78: 45839 | BD78: 33805032 | BE78: 34885200 | BF78: =BG78*12 -> 34885200 | BG78: =BH78+BM78+BN78+BO78 -> 2907100 | BH78: 2080900 | BI78: =ROUND((BH78+BO78)/BJ78,2) -> 14591.22 | BJ78: =IF(AT78="통상",209,VLOOKUP(AD78,'[2]스케줄 분석_20260109'!$B$3:$F$20,5,FALSE)) -> 156.32 | BK78: =IF(AT78="통상",15,VLOOKUP(AD78,'[2]스케줄 분석_20260109'!$B$3:$P$20,10,FALSE)) -> 36.39 | BL78: =IF(AT78="통상",0,VLOOKUP(AD78,'[2]스케줄 분석_20260109'!$B$3:$P$20,11,FALSE)) -> 49.43 | BM78: =IF(OR(AT78="통상",AT78="스케줄_파라"),ROUNDUP(BI78*BK78*1.5,-2),IF(OR(AT78="스케줄",AT78="휴직_스케줄"),ROUNDUP(BI78*BK78*0.5,-2),"확인바람")) -> 265500 | BN78: =ROUNDUP(BI78*BL78*0.5,-2) -> 360700 | BO78: 200000 | BP78: =IF(OR(AT78="스케줄",AT78="스케줄_파라"),ROUNDUP(VLOOKUP(AD78,'[2]스케줄 분석_20260109'!$B$3:$Y$20,23,FALSE)*(VLOOKUP(AD78,'[2]스케줄 분석_20260109'!$B$3:$Y$20,21,FALSE)/VLOOKUP(AD78,'[2]스케줄 분석_20260109'!$B$3:$Y$20,20,FALSE))*VLOOKUP(AD78,'[2]스케줄 분석_20260109'!$B$3:$Y$20,22,FALSE)*VLOOKUP(AD78,'[2]스케줄 분석_20260109'!$B$3:$Y$20,2,FALSE)*1.5*BI78,0),0) -> 2746798 | BQ78: =IF(BI78>=$D$1,"적합","미달") -> 적합 | BS78: =IF(AT78="통상",BI78*8*5,IF(OR(AT78="스케줄",AT78="스케줄_파라"),BI78*100,"확인")) -> 1459122 | BT78: =BG78+BS78/12 -> 3028693.5 | BU78: =(BF78-BO78*12)*0.0475 -> 1543047 | BV78: =(BF78-BO78*12)*0.036+(BF78-BO78*12)*0.036*0.1314 -> 1323135.2 | BW78: =(BF78-BO78*12)*(0.009+0.0065) -> 503520.6 | BX78: =(BF78-BO78*12)*0.0066 -> 214402.32 | BY78: =CB78/AY78 -> 3633875 | BZ78: =SUM(BF78,BS78:BT78) -> 39373016 | CA78: =SUM(BU78:BX78) -> 3584105.1 | CB78: =BF78*1.25 -> 43606500 | CC78: =AZ78-CB78-BP78*1.21 -> 14881874 | CD78: =IFERROR((CC78/AZ78)*100,0) -> 24.076028
A79: =ROW()-3 -> 76 | B79: Yes | C79: 2017045 | D79: 이원동 M | E79: 명승일 | F79: 명승일 | G79: 부장 | H79: 고급하 | I79: 고급기술자 | J79: 하도급(M/M) | K79: 네트워크보안엔지니어 | L79: 김태형 후임 | N79: 010-8702-3487 | O79: sicommu@cnthoth.com | P79: 761106-1 | Q79: 38261 | R79: 42940 | T79: 한국방송통신대학교 | U79: 컴퓨터과학과 | V79: 대졸 | W79: 정보처리기사 | X79: 정보통신산업기사 | Y79: CCNA | Z79: =IF(Q79<>"",$A$1-Q79,"") -> 7900 | AA79: =$A$1-R79 -> 3221 | AD79: SKT_수내 | AE79: 경기도 | AF79: 1. Infra 운영 | AG79: 1. Infra 운영 | AH79: SK AX | AI79: SKT(수내) | AJ79: 명승일 | AK79: 13595 | AL79: 경기도 분당구 황새울로 258번길 6 SKT | AM79: 16948 | AN79: 경기도 용인시 기흥구 흥덕4로30번길 22-13, 301호 (영덕동) | AO79: 보안사업개발팀 | AP79: SKT N/W 보안 운영 | AQ79: N/W 보안 운영 | AR79: 방화벽 운영 | AS79: 에스케이텔레콤(주) SKT 25년 SDN 보안장비 기술지원 용역_1분기(4500304018-01) | AT79: 통상 | AU79: 정직원 | AV79: 씨앤토트플러스㈜ | AW79: 6042000 | AX79: 6042000 | AY79: 12 | AZ79: =AX79*AY79 -> 72504000 | BC79: 45839 | BD79: 48564000 | BE79: 49704000 | BF79: =BG79*12 -> 49704000 | BG79: =BH79+BM79+BN79+BO79 -> 4142000 | BH79: 3539400 | BI79: =ROUND((BH79+BO79)/BJ79,2) -> 17891.87 | BJ79: =IF(AT79="통상",209,VLOOKUP(AD79,'[2]스케줄 분석_20260109'!$B$3:$F$20,5,FALSE)) -> 209 | BK79: =IF(AT79="통상",15,VLOOKUP(AD79,'[2]스케줄 분석_20260109'!$B$3:$P$20,10,FALSE)) -> 15 | BL79: =IF(AT79="통상",0,VLOOKUP(AD79,'[2]스케줄 분석_20260109'!$B$3:$P$20,11,FALSE)) -> 0 | BM79: =IF(OR(AT79="통상",AT79="스케줄_파라"),ROUNDUP(BI79*BK79*1.5,-2),IF(OR(AT79="스케줄",AT79="휴직_스케줄"),ROUNDUP(BI79*BK79*0.5,-2),"확인바람")) -> 402600 | BN79: =ROUNDUP(BI79*BL79*0.5,-2) -> 0 | BO79: 200000 | BP79: =IF(OR(AT79="스케줄",AT79="스케줄_파라"),ROUNDUP(VLOOKUP(AD79,'[2]스케줄 분석_20260109'!$B$3:$Y$20,23,FALSE)*(VLOOKUP(AD79,'[2]스케줄 분석_20260109'!$B$3:$Y$20,21,FALSE)/VLOOKUP(AD79,'[2]스케줄 분석_20260109'!$B$3:$Y$20,20,FALSE))*VLOOKUP(AD79,'[2]스케줄 분석_20260109'!$B$3:$Y$20,22,FALSE)*VLOOKUP(AD79,'[2]스케줄 분석_20260109'!$B$3:$Y$20,2,FALSE)*1.5*BI79,0),0) -> 0 | BQ79: =IF(BI79>=$D$1,"적합","미달") -> 적합 | BS79: =IF(AT79="통상",BI79*8*5,IF(OR(AT79="스케줄",AT79="스케줄_파라"),BI79*100,"확인")) -> 715674.8 | BT79: =BG79+BS79/12 -> 4201639.6 | BU79: =(BF79-BO79*12)*0.0475 -> 2246940 | BV79: =(BF79-BO79*12)*0.036+(BF79-BO79*12)*0.036*0.1314 -> 1926710.8 | BW79: =(BF79-BO79*12)*(0.009+0.0065) -> 733212 | BX79: =(BF79-BO79*12)*0.0066 -> 312206.4 | BY79: =CB79/AY79 -> 5177500 | BZ79: =SUM(BF79,BS79:BT79) -> 54621314 | CA79: =SUM(BU79:BX79) -> 5219069.2 | CB79: =BF79*1.25 -> 62130000 | CC79: =AZ79-CB79-BP79*1.21 -> 10374000 | CD79: =IFERROR((CC79/AZ79)*100,0) -> 14.308176
A80: =ROW()-3 -> 77 | B80: Yes | C80: 2017047 | D80: 이용재 M, 김현수 M | E80: 최재유(임명:강윤식) | F80: 김희경 | G80: 과장 | H80: 초급상 | I80: 초급기술자 | J80: 하도급(FTE) | K80: NOC 엔지니어 | L80: 박성국 후임 | M80: 02-6400-7017 | N80: 010-5180-4900 | O80: ehdrb0212@cnthoth.com | P80: 920212-1 | Q80: 42948 | R80: 42948 | T80: 대구대학교 | U80: 전산공학과 | V80: 대졸 | W80: 네트워크관리사 | X80: 리눅스마스터 | Y80: MCP | Z80: =IF(Q80<>"",$A$1-Q80,"") -> 3213 | AA80: =$A$1-R80 -> 3213 | AD80: 판교NOC | AE80: 경기도 | AF80: 2. Network Service | AG80: 2. Network Service | AH80: SK AX | AI80: SK그룹사(공통) | AJ80: 최재유 | AK80: 13486 | AL80: 경기도 성남시 분당구 판교로 255번길 46 SK C&C 판교캠퍼스 A동 4층 | AM80: 08601 | AN80: 서울특별시 금천구 벚꽃로 110, 1111호 (독산동, 명남더블레스) | AO80: Network Service팀 | AP80: SK공통 NOC 운영 | AQ80: N/W 관제, 장애 조치 | AS80: 고객사 공통 / 2026년_인프라운영_HC11_1분기(4500303149-01) | AT80: 스케줄 | AU80: 정직원 | AV80: 씨앤토트플러스㈜ | AW80: 5087000 | AX80: 5087000 | AY80: 12 | AZ80: =AX80*AY80 -> 61044000 | BC80: 45839 | BD80: 40297320 | BE80: 41246400 | BF80: =BG80*12 -> 41246400 | BG80: =BH80+BM80+BN80+BO80 -> 3437200 | BH80: 2765500 | BI80: =ROUND((BH80+BO80)/BJ80,2) -> 15505.07 | BJ80: =IF(AT80="통상",209,VLOOKUP(AD80,'[2]스케줄 분석_20260109'!$B$3:$F$20,5,FALSE)) -> 191.26 | BK80: =IF(AT80="통상",15,VLOOKUP(AD80,'[2]스케줄 분석_20260109'!$B$3:$P$20,10,FALSE)) -> 27.88 | BL80: =IF(AT80="통상",0,VLOOKUP(AD80,'[2]스케줄 분석_20260109'!$B$3:$P$20,11,FALSE)) -> 32.95 | BM80: =IF(OR(AT80="통상",AT80="스케줄_파라"),ROUNDUP(BI80*BK80*1.5,-2),IF(OR(AT80="스케줄",AT80="휴직_스케줄"),ROUNDUP(BI80*BK80*0.5,-2),"확인바람")) -> 216200 | BN80: =ROUNDUP(BI80*BL80*0.5,-2) -> 255500 | BO80: 200000 | BP80: =IF(OR(AT80="스케줄",AT80="스케줄_파라"),ROUNDUP(VLOOKUP(AD80,'[2]스케줄 분석_20260109'!$B$3:$Y$20,23,FALSE)*(VLOOKUP(AD80,'[2]스케줄 분석_20260109'!$B$3:$Y$20,21,FALSE)/VLOOKUP(AD80,'[2]스케줄 분석_20260109'!$B$3:$Y$20,20,FALSE))*VLOOKUP(AD80,'[2]스케줄 분석_20260109'!$B$3:$Y$20,22,FALSE)*VLOOKUP(AD80,'[2]스케줄 분석_20260109'!$B$3:$Y$20,2,FALSE)*1.5*BI80,0),0) -> 892001 | BQ80: =IF(BI80>=$D$1,"적합","미달") -> 적합 | BR80: 250000 | BS80: =IF(AT80="통상",BI80*8*5,IF(OR(AT80="스케줄",AT80="스케줄_파라"),BI80*100,"확인")) -> 1550507 | BT80: =BG80+BS80/12 -> 3566408.9 | BU80: =(BF80-BO80*12)*0.0475 -> 1845204 | BV80: =(BF80-BO80*12)*0.036+(BF80-BO80*12)*0.036*0.1314 -> 1582229.4 | BW80: =(BF80-BO80*12)*(0.009+0.0065) -> 602119.2 | BX80: =(BF80-BO80*12)*0.0066 -> 256386.24 | BY80: =CB80/AY80 -> 4296500 | BZ80: =SUM(BF80,BS80:BT80) -> 46363316 | CA80: =SUM(BU80:BX80) -> 4285938.9 | CB80: =BF80*1.25 -> 51558000 | CC80: =AZ80-CB80-BP80*1.21 -> 8406678.8 | CD80: =IFERROR((CC80/AZ80)*100,0) -> 13.771507
A81: =ROW()-3 -> 78 | B81: Yes | C81: 2017057 | D81: 고경훈 M | E81: 김부강 | F81: 김부강 | G81: 과장 | H81: 중급상 | I81: 중급기술자 | J81: 하도급(FTE) | K81: Backup/Storage 엔지니어 | L81: 고경훈 후임 | M81: 02-6400-4085 | N81: 010-5592-9592 | O81: kbk0328@cnthoth.com | P81: 880328-1 | Q81: 42989 | R81: 42989 | T81: 인제대학교대학원 | U81: 나노융합공학과 | V81: 대학원졸 | W81: CCNA | X81: 네트워크관리사2급 | Y81: MCSA | Z81: =IF(Q81<>"",$A$1-Q81,"") -> 3172 | AA81: =$A$1-R81 -> 3172 | AD81: SK AX_판교 B동 | AE81: 경기도 | AF81: 1. Infra 운영 | AG81: 1. Infra 운영 | AH81: SK AX | AI81: SK그룹사(공통) | AJ81: 김부강 | AK81: 13486 | AL81: 경기도 성남시 분당구 판교로 255번길 38 SK C&C 판교캠퍼스 B동 5층 | AM81: 17149 | AN81: 경기도 용인시 처인구 고림로162번길 39, 206동 1303호 (고림동, 힐스테이트 용인 고진역 2단지) | AO81: Global Cloud 팀 | AP81: Backup/Storage | AQ81: Backup/Restore 관리 | AR81: / Storage 구축 지원, 운영 | AS81: 고객사 공통 / 2026년_인프라운영_HC10_37_1분기(4500303364-01) | AT81: 통상 | AU81: 정직원 | AV81: 씨앤토트플러스㈜ | AW81: 6094000 | AX81: 6094000 | AY81: 12 | AZ81: =AX81*AY81 -> 73128000 | BC81: 45839 | BD81: 42528000 | BE81: 44928000 | BF81: =BG81*12 -> 44928000 | BG81: =BH81+BM81+BN81+BO81 -> 3744000 | BH81: 3180100 | BI81: =ROUND((BH81+BO81)/BJ81,2) -> 16172.73 | BJ81: =IF(AT81="통상",209,VLOOKUP(AD81,'[2]스케줄 분석_20260109'!$B$3:$F$20,5,FALSE)) -> 209 | BK81: =IF(AT81="통상",15,VLOOKUP(AD81,'[2]스케줄 분석_20260109'!$B$3:$P$20,10,FALSE)) -> 15 | BL81: =IF(AT81="통상",0,VLOOKUP(AD81,'[2]스케줄 분석_20260109'!$B$3:$P$20,11,FALSE)) -> 0 | BM81: =IF(OR(AT81="통상",AT81="스케줄_파라"),ROUNDUP(BI81*BK81*1.5,-2),IF(OR(AT81="스케줄",AT81="휴직_스케줄"),ROUNDUP(BI81*BK81*0.5,-2),"확인바람")) -> 363900 | BN81: =ROUNDUP(BI81*BL81*0.5,-2) -> 0 | BO81: 200000 | BP81: =IF(OR(AT81="스케줄",AT81="스케줄_파라"),ROUNDUP(VLOOKUP(AD81,'[2]스케줄 분석_20260109'!$B$3:$Y$20,23,FALSE)*(VLOOKUP(AD81,'[2]스케줄 분석_20260109'!$B$3:$Y$20,21,FALSE)/VLOOKUP(AD81,'[2]스케줄 분석_20260109'!$B$3:$Y$20,20,FALSE))*VLOOKUP(AD81,'[2]스케줄 분석_20260109'!$B$3:$Y$20,22,FALSE)*VLOOKUP(AD81,'[2]스케줄 분석_20260109'!$B$3:$Y$20,2,FALSE)*1.5*BI81,0),0) -> 0 | BQ81: =IF(BI81>=$D$1,"적합","미달") -> 적합 | BS81: =IF(AT81="통상",BI81*8*5,IF(OR(AT81="스케줄",AT81="스케줄_파라"),BI81*100,"확인")) -> 646909.2 | BT81: =BG81+BS81/12 -> 3797909.1 | BU81: =(BF81-BO81*12)*0.0475 -> 2020080 | BV81: =(BF81-BO81*12)*0.036+(BF81-BO81*12)*0.036*0.1314 -> 1732182.5 | BW81: =(BF81-BO81*12)*(0.009+0.0065) -> 659184 | BX81: =(BF81-BO81*12)*0.0066 -> 280684.8 | BY81: =CB81/AY81 -> 4680000 | BZ81: =SUM(BF81,BS81:BT81) -> 49372818 | CA81: =SUM(BU81:BX81) -> 4692131.3 | CB81: =BF81*1.25 -> 56160000 | CC81: =AZ81-CB81-BP81*1.21 -> 16968000 | CD81: =IFERROR((CC81/AZ81)*100,0) -> 23.203151
A82: =ROW()-3 -> 79 | B82: Yes | C82: 2017071 | D82: 이성전 위원 | E82: 박규성(임명:윤정열) | F82: 윤정열 | G82: 차장 | H82: 중급하 | I82: 중급기술자 | J82: 하도급(M/M) | K82: 서버엔지니어 | L82: 2017_신규 | M82: 02-6266-6562 | N82: 010-4322-1617 | O82: jyyoon@cnthoth.com | P82: 860103-1 | Q82: 40664 | R82: 43040 | T82: 평택대학교 | U82: 정보통신학과 | V82: 대졸 | Z82: =IF(Q82<>"",$A$1-Q82,"") -> 5497 | AA82: =$A$1-R82 -> 3121 | AD82: SKB 7층_동작 | AE82: 서울특별시 | AF82: 4. SKB/SK하이닉스 Infra 운영 | AG82: 4. SKB/SK하이닉스 Infra 운영 | AH82: SK AX | AI82: SKB(동작) | AJ82: 박규성 | AK82: 07063 | AL82: 서울시 동작구 여의대방로 74 (신대방동) SK브로드밴드 7층 | AM82: 10503 | AN82: 경기도 고양시 덕양구 백양로 27, 1402동 1201호 (화정동, 옥빛마을14단지아파트) | AO82: ICT Cloud팀 | AP82: SKB 서버 운영 | AQ82: Linux 서버 운영 | AS82: 에스케이브로드밴드(주) / SKB 26년 IT장비 및 소프트웨어 유지보수_1분기(4500302989-01) | AT82: 통상 | AU82: 정직원 | AV82: 씨앤토트플러스㈜ | AW82: 5699000 | AX82: 5699000 | AY82: 12 | AZ82: =AX82*AY82 -> 68388000 | BC82: 45839 | BD82: 45768000 | BE82: 46836000 | BF82: =BG82*12 -> 46836000 | BG82: =BH82+BM82+BN82+BO82 -> 3903000 | BH82: 3323600 | BI82: =ROUND((BH82+BO82)/BJ82,2) -> 16859.33 | BJ82: =IF(AT82="통상",209,VLOOKUP(AD82,'[2]스케줄 분석_20260109'!$B$3:$F$20,5,FALSE)) -> 209 | BK82: =IF(AT82="통상",15,VLOOKUP(AD82,'[2]스케줄 분석_20260109'!$B$3:$P$20,10,FALSE)) -> 15 | BL82: =IF(AT82="통상",0,VLOOKUP(AD82,'[2]스케줄 분석_20260109'!$B$3:$P$20,11,FALSE)) -> 0 | BM82: =IF(OR(AT82="통상",AT82="스케줄_파라"),ROUNDUP(BI82*BK82*1.5,-2),IF(OR(AT82="스케줄",AT82="휴직_스케줄"),ROUNDUP(BI82*BK82*0.5,-2),"확인바람")) -> 379400 | BN82: =ROUNDUP(BI82*BL82*0.5,-2) -> 0 | BO82: 200000 | BP82: =IF(OR(AT82="스케줄",AT82="스케줄_파라"),ROUNDUP(VLOOKUP(AD82,'[2]스케줄 분석_20260109'!$B$3:$Y$20,23,FALSE)*(VLOOKUP(AD82,'[2]스케줄 분석_20260109'!$B$3:$Y$20,21,FALSE)/VLOOKUP(AD82,'[2]스케줄 분석_20260109'!$B$3:$Y$20,20,FALSE))*VLOOKUP(AD82,'[2]스케줄 분석_20260109'!$B$3:$Y$20,22,FALSE)*VLOOKUP(AD82,'[2]스케줄 분석_20260109'!$B$3:$Y$20,2,FALSE)*1.5*BI82,0),0) -> 0 | BQ82: =IF(BI82>=$D$1,"적합","미달") -> 적합 | BS82: =IF(AT82="통상",BI82*8*5,IF(OR(AT82="스케줄",AT82="스케줄_파라"),BI82*100,"확인")) -> 674373.2 | BT82: =BG82+BS82/12 -> 3959197.8 | BU82: =(BF82-BO82*12)*0.0475 -> 2110710 | BV82: =(BF82-BO82*12)*0.036+(BF82-BO82*12)*0.036*0.1314 -> 1809896.1 | BW82: =(BF82-BO82*12)*(0.009+0.0065) -> 688758 | BX82: =(BF82-BO82*12)*0.0066 -> 293277.6 | BY82: =CB82/AY82 -> 4878750 | BZ82: =SUM(BF82,BS82:BT82) -> 51469571 | CA82: =SUM(BU82:BX82) -> 4902641.7 | CB82: =BF82*1.25 -> 58545000 | CC82: =AZ82-CB82-BP82*1.21 -> 9843000 | CD82: =IFERROR((CC82/AZ82)*100,0) -> 14.392876
A83: =ROW()-3 -> 80 | B83: Yes | C83: 2017072 | D83: 이성전 위원 | E83: 박규성(임명:이현철) | F83: 이현철 | G83: 과장 | H83: 초급상 | I83: 초급기술자 | J83: 하도급(M/M) | K83: M/W 엔지니어 | N83: 010-5032-1440 | O83: hclee@cnthoth.com | P83: 840522-1 | Q83: 41277 | R83: 43040 | T83: 서일전문대 | U83: 인터넷정보과 | V83: 전문대졸 | W83: 정보처리기능사 | Z83: =IF(Q83<>"",$A$1-Q83,"") -> 4884 | AA83: =$A$1-R83 -> 3121 | AD83: SKB 7층_동작 | AE83: 서울특별시 | AF83: 4. SKB/SK하이닉스 Infra 운영 | AG83: 4. SKB/SK하이닉스 Infra 운영 | AH83: SK AX | AI83: SKB(동작) | AJ83: 박규성 | AK83: 07063 | AL83: 서울시 동작구 여의대방로 74 (신대방동) SK브로드밴드 7층 | AM83: 14266 | AN83: 경기도 광명시 광명로 888번길 26-13, 201호(금강빌라) | AO83: ICT Cloud팀 | AP83: Middleware 운영 | AQ83: WAS 운영 | AR83: / 클라우드 인프라 운영 | AS83: 에스케이브로드밴드(주) / SKB 26년 IT장비 및 소프트웨어 유지보수_1분기(4500302989-01) | AT83: 통상 | AU83: 정직원 | AV83: 씨앤토트플러스㈜ | AW83: 5202000 | AX83: 5202000 | AY83: 12 | AZ83: =AX83*AY83 -> 62424000 | BC83: 45839 | BD83: 42804000 | BE83: 43776000 | BF83: =BG83*12 -> 43776000 | BG83: =BH83+BM83+BN83+BO83 -> 3648000 | BH83: 3093400 | BI83: =ROUND((BH83+BO83)/BJ83,2) -> 15757.89 | BJ83: =IF(AT83="통상",209,VLOOKUP(AD83,'[2]스케줄 분석_20260109'!$B$3:$F$20,5,FALSE)) -> 209 | BK83: =IF(AT83="통상",15,VLOOKUP(AD83,'[2]스케줄 분석_20260109'!$B$3:$P$20,10,FALSE)) -> 15 | BL83: =IF(AT83="통상",0,VLOOKUP(AD83,'[2]스케줄 분석_20260109'!$B$3:$P$20,11,FALSE)) -> 0 | BM83: =IF(OR(AT83="통상",AT83="스케줄_파라"),ROUNDUP(BI83*BK83*1.5,-2),IF(OR(AT83="스케줄",AT83="휴직_스케줄"),ROUNDUP(BI83*BK83*0.5,-2),"확인바람")) -> 354600 | BN83: =ROUNDUP(BI83*BL83*0.5,-2) -> 0 | BO83: 200000 | BP83: =IF(OR(AT83="스케줄",AT83="스케줄_파라"),ROUNDUP(VLOOKUP(AD83,'[2]스케줄 분석_20260109'!$B$3:$Y$20,23,FALSE)*(VLOOKUP(AD83,'[2]스케줄 분석_20260109'!$B$3:$Y$20,21,FALSE)/VLOOKUP(AD83,'[2]스케줄 분석_20260109'!$B$3:$Y$20,20,FALSE))*VLOOKUP(AD83,'[2]스케줄 분석_20260109'!$B$3:$Y$20,22,FALSE)*VLOOKUP(AD83,'[2]스케줄 분석_20260109'!$B$3:$Y$20,2,FALSE)*1.5*BI83,0),0) -> 0 | BQ83: =IF(BI83>=$D$1,"적합","미달") -> 적합 | BS83: =IF(AT83="통상",BI83*8*5,IF(OR(AT83="스케줄",AT83="스케줄_파라"),BI83*100,"확인")) -> 630315.6 | BT83: =BG83+BS83/12 -> 3700526.3 | BU83: =(BF83-BO83*12)*0.0475 -> 1965360 | BV83: =(BF83-BO83*12)*0.036+(BF83-BO83*12)*0.036*0.1314 -> 1685261 | BW83: =(BF83-BO83*12)*(0.009+0.0065) -> 641328 | BX83: =(BF83-BO83*12)*0.0066 -> 273081.6 | BY83: =CB83/AY83 -> 4560000 | BZ83: =SUM(BF83,BS83:BT83) -> 48106842 | CA83: =SUM(BU83:BX83) -> 4565030.6 | CB83: =BF83*1.25 -> 54720000 | CC83: =AZ83-CB83-BP83*1.21 -> 7704000 | CD83: =IFERROR((CC83/AZ83)*100,0) -> 12.341407
A84: =ROW()-3 -> 81 | B84: Yes | C84: 2018013 | D84: 이성전 위원 | E84: 박규성(임명:맹완호) | F84: 맹완호 | G84: 과장 | H84: 중급상 | I84: 중급기술자 | J84: 하도급(M/M) | K84: 서버엔지니어 | L84: 조동순 후임 | M84: 02-6266-2383 | N84: 010-6500-8067 | O84: maeng16@cnthoth.com | P84: 820323-1 | Q84: 40513 | R84: 43160 | T84: 동서울대학 | U84: 정보통신과 | V84: 전문대졸 | W84: CCNA | X84: SCSA | Y84: OCNA | Z84: =IF(Q84<>"",$A$1-Q84,"") -> 5648 | AA84: =$A$1-R84 -> 3001 | AD84: SKB 7층_동작 | AE84: 서울특별시 | AF84: 4. SKB/SK하이닉스 Infra 운영 | AG84: 4. SKB/SK하이닉스 Infra 운영 | AH84: SK AX | AI84: SKB(동작) | AJ84: 박규성 | AK84: 07063 | AL84: 서울시 동작구 여의대방로 74 (신대방동) SK브로드밴드 7층 | AM84: 07765 | AN84: 서울특별시 강서구 가로공원로82길 41-21, B동 201호 (화곡동, 경인빌라) | AO84: ICT Cloud팀 | AP84: SKB 서버 운영 | AQ84: Unix(솔라리스) 운영 | AS84: 에스케이브로드밴드(주) / SKB 26년 IT장비 및 소프트웨어 유지보수_1분기(4500302989-01) | AT84: 통상 | AU84: 정직원 | AV84: 씨앤토트플러스㈜ | AW84: 5779000 | AX84: 5779000 | AY84: 12 | AZ84: =AX84*AY84 -> 69348000 | BC84: 45839 | BD84: 47808000 | BE84: 48900000 | BF84: =BG84*12 -> 48900000 | BG84: =BH84+BM84+BN84+BO84 -> 4075000 | BH84: 3478900 | BI84: =ROUND((BH84+BO84)/BJ84,2) -> 17602.39 | BJ84: =IF(AT84="통상",209,VLOOKUP(AD84,'[2]스케줄 분석_20260109'!$B$3:$F$20,5,FALSE)) -> 209 | BK84: =IF(AT84="통상",15,VLOOKUP(AD84,'[2]스케줄 분석_20260109'!$B$3:$P$20,10,FALSE)) -> 15 | BL84: =IF(AT84="통상",0,VLOOKUP(AD84,'[2]스케줄 분석_20260109'!$B$3:$P$20,11,FALSE)) -> 0 | BM84: =IF(OR(AT84="통상",AT84="스케줄_파라"),ROUNDUP(BI84*BK84*1.5,-2),IF(OR(AT84="스케줄",AT84="휴직_스케줄"),ROUNDUP(BI84*BK84*0.5,-2),"확인바람")) -> 396100 | BN84: =ROUNDUP(BI84*BL84*0.5,-2) -> 0 | BO84: 200000 | BP84: =IF(OR(AT84="스케줄",AT84="스케줄_파라"),ROUNDUP(VLOOKUP(AD84,'[2]스케줄 분석_20260109'!$B$3:$Y$20,23,FALSE)*(VLOOKUP(AD84,'[2]스케줄 분석_20260109'!$B$3:$Y$20,21,FALSE)/VLOOKUP(AD84,'[2]스케줄 분석_20260109'!$B$3:$Y$20,20,FALSE))*VLOOKUP(AD84,'[2]스케줄 분석_20260109'!$B$3:$Y$20,22,FALSE)*VLOOKUP(AD84,'[2]스케줄 분석_20260109'!$B$3:$Y$20,2,FALSE)*1.5*BI84,0),0) -> 0 | BQ84: =IF(BI84>=$D$1,"적합","미달") -> 적합 | BS84: =IF(AT84="통상",BI84*8*5,IF(OR(AT84="스케줄",AT84="스케줄_파라"),BI84*100,"확인")) -> 704095.6 | BT84: =BG84+BS84/12 -> 4133674.6 | BU84: =(BF84-BO84*12)*0.0475 -> 2208750 | BV84: =(BF84-BO84*12)*0.036+(BF84-BO84*12)*0.036*0.1314 -> 1893963.6 | BW84: =(BF84-BO84*12)*(0.009+0.0065) -> 720750 | BX84: =(BF84-BO84*12)*0.0066 -> 306900 | BY84: =CB84/AY84 -> 5093750 | BZ84: =SUM(BF84,BS84:BT84) -> 53737770 | CA84: =SUM(BU84:BX84) -> 5130363.6 | CB84: =BF84*1.25 -> 61125000 | CC84: =AZ84-CB84-BP84*1.21 -> 8223000 | CD84: =IFERROR((CC84/AZ84)*100,0) -> 11.857588
A85: =ROW()-3 -> 82 | B85: Yes | C85: 2019001 | D85: 김태형 M | E85: 최재유(임명:유재현) | F85: 송찬호 | G85: 과장 | H85: 초급상 | I85: 초급기술자 | J85: 하도급(FTE) | K85: 네트워크보안엔지니어 | L85: 김영수93 후임 | N85: 010-8215-1504 | O85: cksgh1504@cnthoth.com | P85: 930323-1 | Q85: 42588 | R85: 43466 | T85: 상명대학교(천안) | U85: 컴퓨터시스템공학과 | V85: 대졸 | Z85: =IF(Q85<>"",$A$1-Q85,"") -> 3573 | AA85: =$A$1-R85 -> 2695 | AD85: SK AX A동 1F_판교 | AE85: 경기도 | AF85: 2. Network Service | AG85: 2. Network Service | AH85: SK AX | AI85: SK그룹사(공통) | AJ85: 최재유 | AK85: 13486 | AL85: 경기도 성남시 분당구 판교로 255번길 46 SK C&C 판교캠퍼스 A동 4층 | AM85: 17033 | AN85: 경기도 용인시 처인구 모현읍 문현로 326, 203동 603호 (모현읍, 효천마을신안인스빌) | AO85: Network Service팀 | AP85: SK공통 N/W 보안 운영 | AQ85: N/W 보안 운영 | AS85: 고객사 공통 / 2026년_인프라운영_HC11_1분기(4500303149-01) | AT85: 통상 | AU85: 정직원 | AV85: 씨앤토트플러스㈜ | AW85: 4728000 | AX85: 4728000 | AY85: 12 | AZ85: =AX85*AY85 -> 56736000 | BC85: 46023 | BD85: 38760000 | BE85: 38760000 | BF85: =BG85*12 -> 40260000 | BG85: =BH85+BM85+BN85+BO85 -> 3355000 | BH85: 2828900 | BI85: =ROUND((BH85+BO85)/BJ85,2) -> 14492.34 | BJ85: =IF(AT85="통상",209,VLOOKUP(AD85,'[2]스케줄 분석_20260109'!$B$3:$F$20,5,FALSE)) -> 209 | BK85: =IF(AT85="통상",15,VLOOKUP(AD85,'[2]스케줄 분석_20260109'!$B$3:$P$20,10,FALSE)) -> 15 | BL85: =IF(AT85="통상",0,VLOOKUP(AD85,'[2]스케줄 분석_20260109'!$B$3:$P$20,11,FALSE)) -> 0 | BM85: =IF(OR(AT85="통상",AT85="스케줄_파라"),ROUNDUP(BI85*BK85*1.5,-2),IF(OR(AT85="스케줄",AT85="휴직_스케줄"),ROUNDUP(BI85*BK85*0.5,-2),"확인바람")) -> 326100 | BN85: =ROUNDUP(BI85*BL85*0.5,-2) -> 0 | BO85: 200000 | BP85: =IF(OR(AT85="스케줄",AT85="스케줄_파라"),ROUNDUP(VLOOKUP(AD85,'[2]스케줄 분석_20260109'!$B$3:$Y$20,23,FALSE)*(VLOOKUP(AD85,'[2]스케줄 분석_20260109'!$B$3:$Y$20,21,FALSE)/VLOOKUP(AD85,'[2]스케줄 분석_20260109'!$B$3:$Y$20,20,FALSE))*VLOOKUP(AD85,'[2]스케줄 분석_20260109'!$B$3:$Y$20,22,FALSE)*VLOOKUP(AD85,'[2]스케줄 분석_20260109'!$B$3:$Y$20,2,FALSE)*1.5*BI85,0),0) -> 0 | BQ85: =IF(BI85>=$D$1,"적합","미달") -> 적합 | BS85: =IF(AT85="통상",BI85*8*5,IF(OR(AT85="스케줄",AT85="스케줄_파라"),BI85*100,"확인")) -> 579693.6 | BT85: =BG85+BS85/12 -> 3403307.8 | BU85: =(BF85-BO85*12)*0.0475 -> 1798350 | BV85: =(BF85-BO85*12)*0.036+(BF85-BO85*12)*0.036*0.1314 -> 1542052.9 | BW85: =(BF85-BO85*12)*(0.009+0.0065) -> 586830 | BX85: =(BF85-BO85*12)*0.0066 -> 249876 | BY85: =CB85/AY85 -> 4193750 | BZ85: =SUM(BF85,BS85:BT85) -> 44243001 | CA85: =SUM(BU85:BX85) -> 4177108.9 | CB85: =BF85*1.25 -> 50325000 | CC85: =AZ85-CB85-BP85*1.21 -> 6411000 | CD85: =IFERROR((CC85/AZ85)*100,0) -> 11.299704
